type,id,description,plan_required,roles_allowed,test_file,status,last_result,finding_ids
page,/login,[CRITICAL:auth] Login (PublicRoute+AuthLayout),any,anonymous,frontend/e2e/tests/01-page-smoke.spec.ts;frontend/e2e/tests/30-auth.spec.ts,deep,"pass (Phase 3, live, 2026-10-08): voluntary sign-out lands on bare /login",F-206
page,/register,[CRITICAL:auth] Register (PublicRoute+AuthLayout),any,anonymous,frontend/e2e/tests/01-page-smoke.spec.ts;frontend/e2e/tests/30-auth.spec.ts,deep,pass (e2e 2),
page,/verify-email,[CRITICAL:auth] VerifyEmail (public),any,anonymous,frontend/e2e/tests/01-page-smoke.spec.ts;frontend/e2e/tests/30-auth.spec.ts,deep,"pass (2026-10-10, live): returns to the sign-up's destination after verifying",F-225
page,/forgot-password,[CRITICAL:auth] ForgotPassword (public),any,anonymous,frontend/e2e/tests/01-page-smoke.spec.ts;frontend/e2e/tests/30-auth.spec.ts,deep,pass (e2e 2),
page,/reset-password,[CRITICAL:auth] ResetPassword (public),any,anonymous,frontend/e2e/tests/01-page-smoke.spec.ts;frontend/e2e/tests/30-auth.spec.ts,deep,pass (e2e 2),
page,/invitations/accept,[CRITICAL:team] InvitationAcceptPage (public),any,anonymous/invitee,frontend/e2e/tests/01-page-smoke.spec.ts;frontend/e2e/tests/20-organization.spec.ts;frontend/e2e/tests/28-invitation-acceptance.spec.ts,deep,"pass (2026-10-10, live dev server): newcomer signs up and lands in the workspace; existing account signs in and joins; switch account signs out on the server",F-051;F-222;F-224
page,/confirm-email-change,[CRITICAL:auth] ConfirmEmailChange (public),any,anonymous,,untested,,
page,/auth/sso/complete,[CRITICAL:auth] SsoComplete (AuthLayout; outside Public/PrivateRoute),any,anonymous,,untested,,
page,/request/:token,[CRITICAL:upload] DocumentRequestUpload (public; single-use token is the credential),any,token holder,,untested,,F-014
page,/onboarding,[CRITICAL:auth] CreateOrganizationPage (PrivateRoute),any,any signed-in user,frontend/e2e/tests/30-auth.spec.ts,deep,pass (e2e 1),
page,/organizations/new,CreateOrganizationPage (PrivateRoute),any,any signed-in user,,untested,,
page,/workspaces,WorkspacePicker (PrivateRoute),any,any signed-in user,frontend/e2e/tests/01-page-smoke.spec.ts,smoke,pass (e2e 1),
page,/no-access,NoAccess (PrivateRoute),any,any signed-in user,,untested,,
page,/organizations/:orgSlug/workspaces/new,CreateWorkspacePage (PrivateRoute),any,org member (server decides),,untested,,
page,/organizations/:orgSlug,OrganizationGuard index -> redirect to settings,any,org member,frontend/e2e/tests/01-page-smoke.spec.ts,smoke,pass (e2e 1),
page,/organizations/:orgSlug/settings,OrganizationGeneral,any,org:any,frontend/e2e/tests/01-page-smoke.spec.ts;frontend/e2e/tests/26-phase3-consoles.spec.ts,deep,"pass (Phase 3, live, 2026-10-08)",F-185;F-191
page,/organizations/:orgSlug/notifications,OrganizationNotifications,any,org:any,frontend/e2e/tests/01-page-smoke.spec.ts;frontend/e2e/tests/26-phase3-consoles.spec.ts,deep,"pass (Phase 3, live, 2026-10-08)",F-184;F-185
page,/organizations/:orgSlug/members,[CRITICAL:team] OrganizationMembers,any,"org:OWNER,ADMIN (nav)",frontend/e2e/tests/01-page-smoke.spec.ts;frontend/e2e/tests/20-organization.spec.ts;frontend/e2e/tests/21-live-feedback.spec.ts;frontend/e2e/tests/26-phase3-consoles.spec.ts,deep,"pass (Phase 3, live, 2026-10-08)",F-148;F-153;F-185
page,/organizations/:orgSlug/email-settings,OrganizationEmailSettings,business,"org:OWNER,ADMIN (nav)",frontend/e2e/tests/01-page-smoke.spec.ts,smoke,pass (e2e 1),
page,/organizations/:orgSlug/service-levels,OrganizationSLOs,any,"org:OWNER,ADMIN (nav)",frontend/e2e/tests/01-page-smoke.spec.ts;backend/tests/engines/test_job_slos_are_measured_live.py,deep,"pass (Phase 3, live, 2026-10-08)",F-189
page,/organizations/:orgSlug/compliance,[CRITICAL:data-governance] OrganizationCompliance (data governance),any,"org:OWNER,ADMIN (nav); writes OWNER",frontend/e2e/tests/01-page-smoke.spec.ts,smoke,pass (e2e 1),
page,/organizations/:orgSlug/developer,[CRITICAL:api-keys-webhooks] OrganizationDeveloperPortal,developer,"org:OWNER,ADMIN (nav)",frontend/e2e/tests/01-page-smoke.spec.ts,smoke,pass (e2e 1),
page,/organizations/:orgSlug/byok,OrganizationBYOK,any,"org:OWNER,ADMIN (nav); writes OWNER",frontend/e2e/tests/01-page-smoke.spec.ts;backend/tests/api/test_byok_endpoints.py,deep,"pass (Phase 3, live, 2026-10-08)",F-190
page,/organizations/:orgSlug/branding,OrganizationBranding,developer,"org:OWNER,ADMIN (nav); domain ops OWNER",frontend/e2e/tests/01-page-smoke.spec.ts;frontend/e2e/tests/26-phase3-consoles.spec.ts,deep,"pass (Phase 3, live, 2026-10-08)",F-058;F-201
page,/organizations/:orgSlug/analytics,OrganizationAnalytics (BI egress),business(addon.warehouse_sync),"org:OWNER,ADMIN (nav); writes OWNER",frontend/e2e/tests/01-page-smoke.spec.ts,smoke,pass (e2e 1),F-005
page,/organizations/:orgSlug/marketplace,MarketplaceCatalog,any,"org:OWNER,ADMIN (nav); install OWNER",frontend/e2e/tests/01-page-smoke.spec.ts,smoke,pass (e2e 1),
page,/organizations/:orgSlug/autonomy,AutonomySettings,enterprise,"org:OWNER,ADMIN (nav); writes OWNER",frontend/e2e/tests/01-page-smoke.spec.ts,smoke,pass (e2e 1),
page,/organizations/:orgSlug/egress,OrganizationEgress,enterprise,"org:OWNER,ADMIN (nav); writes OWNER",frontend/e2e/tests/01-page-smoke.spec.ts,smoke,pass (e2e 1),
page,/organizations/:orgSlug/billing,"[CRITICAL:billing] BillingHub (plans, invoices, seats, usage, spend limit)",any,"org:OWNER,BILLING (nav)",frontend/e2e/tests/01-page-smoke.spec.ts;frontend/e2e/tests/20-organization.spec.ts;frontend/e2e/tests/26-phase3-consoles.spec.ts,deep,"pass (Phase 3, live, 2026-10-08)",F-187;F-192;F-193;F-194;F-195
page,/organizations/:orgSlug/billing/return,[CRITICAL:billing] CheckoutReturn,any,"org:OWNER,BILLING",,smoke,"pass (Phase 3, live, 2026-10-08)",F-194
page,/organizations/:orgSlug/api-keys,[CRITICAL:api-keys-webhooks] OrganizationApiKeys,developer,org:OWNER (nav),frontend/e2e/tests/01-page-smoke.spec.ts,smoke,pass (e2e 1),
page,/organizations/:orgSlug/webhooks,[CRITICAL:api-keys-webhooks] OrganizationWebhooks,developer,org:OWNER (nav),frontend/e2e/tests/01-page-smoke.spec.ts,smoke,pass (e2e 1),
page,/organizations/:orgSlug/identity,"[CRITICAL:auth] IdentityAdminHub (domains, IdP, SCIM, JIT)",enterprise,org:OWNER (nav),frontend/e2e/tests/01-page-smoke.spec.ts;frontend/e2e/tests/26-phase3-consoles.spec.ts;backend/tests/engines/test_require_sso_needs_an_idp_live.py,deep,"pass (Phase 3, live, 2026-10-08)",F-188;F-204
page,/organizations/:orgSlug/audit,[CRITICAL:audit-log] AuditExplorer,any,org:OWNER (nav),frontend/e2e/tests/01-page-smoke.spec.ts;frontend/e2e/tests/26-phase3-consoles.spec.ts,deep,"pass (Phase 3, live, 2026-10-08)",F-008;F-203
page,/admin,SuperAdminGuard shell (no index route),any,superadmin,,untested,,F-009
page,/admin/margins,AdminMarginsHub (Unit economics),any,superadmin,frontend/e2e/tests/01-page-smoke.spec.ts;backend/tests/services/test_cogs_margin_service.py,deep,"pass (Phase 3, live, 2026-10-08)",F-202
page,/admin/sovereign,SovereignConsole,any,superadmin,frontend/e2e/tests/01-page-smoke.spec.ts,smoke,pass (e2e 1),
page,/admin/revops,RevOpsConsole,any,superadmin,frontend/e2e/tests/01-page-smoke.spec.ts;frontend/e2e/tests/26-phase3-consoles.spec.ts,deep,"pass (Phase 3, live, 2026-10-08)",F-186
page,/partners,PartnerPortal (+PartnerManifestConsole),any,partner member,,untested,,
page,/,LegacyRouteRedirect,any,signed-in,frontend/e2e/tests/01-page-smoke.spec.ts,smoke,pass (e2e 1),
page,/work-items/*,LegacyRouteRedirect,any,signed-in,frontend/e2e/tests/01-page-smoke.spec.ts,smoke,pass (e2e 1),
page,/assistant/*,LegacyRouteRedirect,any,signed-in,frontend/e2e/tests/01-page-smoke.spec.ts,smoke,pass (e2e 1),
page,/automation/*,LegacyRouteRedirect,any,signed-in,frontend/e2e/tests/01-page-smoke.spec.ts,smoke,pass (e2e 1),
page,/notifications/*,LegacyRouteRedirect,any,signed-in,frontend/e2e/tests/01-page-smoke.spec.ts,smoke,pass (e2e 1),
page,/settings/*,LegacyRouteRedirect,any,signed-in,frontend/e2e/tests/01-page-smoke.spec.ts,smoke,pass (e2e 1),
page,/profile/*,LegacyRouteRedirect,any,signed-in,,untested,,
page,/account/*,LegacyRouteRedirect,any,signed-in,,untested,,
page,/:orgSlug/:workspaceSlug,Dashboard (TenantGuard+DashboardLayout),any,ws:VIEWER+ (all workspace members),frontend/e2e/tests/01-page-smoke.spec.ts;frontend/e2e/tests/22-phase1-documents.spec.ts,deep,"pass (Phase 1, 2026-10-08): KPI cards incl. Failed, classifier types, activity links",F-161
page,/:orgSlug/:workspaceSlug/work-items,"[CRITICAL:upload] WorkItems (documents list, upload)",any,ws:VIEWER+ (all workspace members),frontend/e2e/tests/01-page-smoke.spec.ts;frontend/e2e/tests/10-workspace-documents.spec.ts;frontend/e2e/tests/21-live-feedback.spec.ts;frontend/e2e/tests/22-phase1-documents.spec.ts,deep,"pass (Phase 1, 2026-10-08): filters/totals, literal search, upload outcomes, duplicates, phone cards",F-149;F-155;F-156;F-157;F-158;F-160;F-166
page,/:orgSlug/:workspaceSlug/work-items/:id,[CRITICAL:upload] WorkItemDetails (extraction view/correction),any,ws:VIEWER+ (all workspace members),frontend/e2e/tests/10-workspace-documents.spec.ts;frontend/e2e/tests/22-phase1-documents.spec.ts,deep,"pass (Phase 1, 2026-10-08): workbench zoom/pan/page jump, field confidence, duplicate note",F-158
page,/:orgSlug/:workspaceSlug/assistant,Assistant (RAG chat),any,ws:VIEWER+ (all workspace members),frontend/e2e/tests/01-page-smoke.spec.ts;frontend/e2e/tests/24-phase2-processing.spec.ts,deep,pass (Phase 2 live + e2e),F-175
page,/:orgSlug/:workspaceSlug/assistant/c/:conversationId,AssistantCanvas,any,ws:VIEWER+ (all workspace members),,untested,,
page,/:orgSlug/:workspaceSlug/automation,"[CRITICAL:workflows] Automation (FlowBuilder, RuleTestDialog)",any,ws:VIEWER+ (all workspace members),frontend/e2e/tests/01-page-smoke.spec.ts;frontend/e2e/tests/13-automation-review.spec.ts;frontend/e2e/tests/24-phase2-processing.spec.ts,deep,pass (Phase 2 live + e2e),F-179;F-180
page,/:orgSlug/:workspaceSlug/automation/timeline,[CRITICAL:workflows] ExecutionTimeline (run history),any,ws:VIEWER+ (all workspace members),frontend/e2e/tests/01-page-smoke.spec.ts;frontend/e2e/tests/13-automation-review.spec.ts,deep,pass (Phase 2 live + e2e),
page,/:orgSlug/:workspaceSlug/verification,[CRITICAL:review-queue] ReviewHub (+VerificationReviewQueue),any,ws:VIEWER+ (all workspace members),frontend/e2e/tests/01-page-smoke.spec.ts;frontend/e2e/tests/24-phase2-processing.spec.ts,deep,pass (Phase 2 live + e2e),F-176;F-178
page,/:orgSlug/:workspaceSlug/assertions,[CRITICAL:review-queue] AssertionReviewPage (+AssertionReviewQueue),enterprise,ws:VIEWER+ (all workspace members),frontend/e2e/tests/01-page-smoke.spec.ts,smoke,pass (e2e 1),
page,/:orgSlug/:workspaceSlug/redactions/:jobId,RedactionStudio (deep link only),enterprise,ws:VIEWER+ (all workspace members),frontend/e2e/tests/14-configuration.spec.ts;frontend/e2e/tests/24-phase2-processing.spec.ts,deep,pass (Phase 2 live + e2e),F-181
page,/:orgSlug/:workspaceSlug/radar,ForensicAuditRadar,business,ws:VIEWER+ (all workspace members),frontend/e2e/tests/01-page-smoke.spec.ts;frontend/e2e/tests/12-processing.spec.ts;frontend/e2e/tests/24-phase2-processing.spec.ts;backend/tests/engines/test_phase2_live_defects.py,deep,pass (Phase 2 live + e2e),F-173;F-174
page,/:orgSlug/:workspaceSlug/extraction-memory,ExtractionMemory,business,ws:VIEWER+ (all workspace members),frontend/e2e/tests/01-page-smoke.spec.ts,smoke,pass (e2e 1),
page,/:orgSlug/:workspaceSlug/entities,Entities,business,ws:VIEWER+ (all workspace members),frontend/e2e/tests/01-page-smoke.spec.ts,smoke,pass (e2e 1),
page,/:orgSlug/:workspaceSlug/entities/:entityId,Entity360,business,ws:VIEWER+ (all workspace members),,untested,,
page,/:orgSlug/:workspaceSlug/cases,Cases,business,ws:VIEWER+ (all workspace members),frontend/e2e/tests/01-page-smoke.spec.ts;frontend/e2e/tests/22-phase1-documents.spec.ts,deep,"pass (Phase 1, 2026-10-08): role-gated actions, empty columns",F-164;F-167
page,/:orgSlug/:workspaceSlug/cases/:caseId,CaseDetail,business,ws:VIEWER+ (all workspace members),frontend/e2e/tests/11-assistant-intelligence.spec.ts;frontend/e2e/tests/22-phase1-documents.spec.ts,deep,"pass (Phase 1, 2026-10-08): viewer reads, cannot act",F-167
page,/:orgSlug/:workspaceSlug/packet-splits,PacketSplits,business,ws:VIEWER+ (all workspace members),frontend/e2e/tests/01-page-smoke.spec.ts,smoke,pass (e2e 1),
page,/:orgSlug/:workspaceSlug/packet-splits/:splitId,SplitReview,business,ws:VIEWER+ (all workspace members),frontend/e2e/tests/11-assistant-intelligence.spec.ts;frontend/e2e/tests/22-phase1-documents.spec.ts,deep,"pass (Phase 1, 2026-10-08): viewer cannot change, approve or reject",F-167
page,/:orgSlug/:workspaceSlug/tables,Tables,business,ws:VIEWER+ (all workspace members),frontend/e2e/tests/01-page-smoke.spec.ts;frontend/e2e/tests/22-phase1-documents.spec.ts,deep,"pass (Phase 1, 2026-10-08): list polish, loading without plan flash",F-164
page,/:orgSlug/:workspaceSlug/tables/:tableId,TableViewer,business,ws:VIEWER+ (all workspace members),frontend/e2e/tests/22-phase1-documents.spec.ts,deep,"pass (Phase 1, 2026-10-08): sticky header, column sums vs total row, XLSX download",F-164
page,/:orgSlug/:workspaceSlug/corroboration,Corroborations,enterprise,ws:VIEWER+ (all workspace members),frontend/e2e/tests/01-page-smoke.spec.ts,smoke,pass (e2e 1),
page,/:orgSlug/:workspaceSlug/corroboration/:runId,CorroborationRun,enterprise,ws:VIEWER+ (all workspace members),,untested,,
page,/:orgSlug/:workspaceSlug/obligations,Obligations,business,ws:VIEWER+ (all workspace members),frontend/e2e/tests/01-page-smoke.spec.ts,smoke,pass (e2e 1),
page,/:orgSlug/:workspaceSlug/obligations/:obligationId,ObligationDetail,business,ws:VIEWER+ (all workspace members),frontend/e2e/tests/11-assistant-intelligence.spec.ts,smoke,pass (e2e 1),
page,/:orgSlug/:workspaceSlug/erp,ErpPosting,business,ws:VIEWER+ (all workspace members),frontend/e2e/tests/01-page-smoke.spec.ts,smoke,pass (e2e 1),
page,/:orgSlug/:workspaceSlug/erp/postings/:postingId,ErpPostingDetail,business,ws:VIEWER+ (all workspace members),,untested,,
page,/:orgSlug/:workspaceSlug/erp/targets/:targetId,ErpTargetDetail,business,ws:VIEWER+ (all workspace members),frontend/e2e/tests/12-processing.spec.ts,smoke,pass (e2e 1),
page,/:orgSlug/:workspaceSlug/process,ProcessIntelligence,enterprise,ws:VIEWER+ (all workspace members),frontend/e2e/tests/01-page-smoke.spec.ts;frontend/e2e/tests/12-processing.spec.ts;backend/tests/services/test_process_object_event_counts.py,deep,pass (Phase 2 live + e2e),F-177
page,/:orgSlug/:workspaceSlug/process/proposals/:proposalId,ProcessIntelligence (proposal),enterprise,ws:VIEWER+ (all workspace members),,untested,,
page,/:orgSlug/:workspaceSlug/procurement,ProcurementCaseQueue (three-way matching),business,ws:VIEWER+ (all workspace members),frontend/e2e/tests/01-page-smoke.spec.ts;frontend/e2e/tests/12-processing.spec.ts;frontend/e2e/tests/24-phase2-processing.spec.ts;backend/tests/engines/test_phase2_live_defects.py,deep,pass (Phase 2 live + e2e),F-171;F-172;F-174
page,/:orgSlug/:workspaceSlug/procurement/policies,TolerancePolicyEditor,business,ws:VIEWER+ (all workspace members),frontend/e2e/tests/01-page-smoke.spec.ts;frontend/e2e/tests/26-phase3-consoles.spec.ts,deep,"pass (Phase 3, live, 2026-10-08)",F-198;F-199
page,/:orgSlug/:workspaceSlug/procurement/:caseId,ThreeWayComparison,business,ws:VIEWER+ (all workspace members),,untested,,
page,/:orgSlug/:workspaceSlug/notifications,Notifications,any,ws:VIEWER+ (all workspace members),frontend/e2e/tests/01-page-smoke.spec.ts,smoke,pass (e2e 1),
page,/:orgSlug/:workspaceSlug/settings,"[CRITICAL:settings] Settings (tabs: profile, sessions [account]; workspace, ai, email, document [CONTRIBUTOR+])",any,account tabs: any; workspace tabs: ws:CONTRIBUTOR+,frontend/e2e/tests/01-page-smoke.spec.ts;frontend/e2e/tests/14-configuration.spec.ts;frontend/e2e/tests/21-live-feedback.spec.ts;frontend/e2e/tests/27-invitations-and-team.spec.ts,deep,"pass (live feedback, 2026-10-07): reindex card, workspace access, image fallbacks",F-008;F-141;F-142;F-143;F-216;F-219
page,*,NotFound,any,anyone,frontend/e2e/tests/01-page-smoke.spec.ts,smoke,pass (e2e 1),
nav_item,ws:overview,Workspace > Overview,any,ws:VIEWER+ (all workspace members),frontend/e2e/tests/10-workspace-documents.spec.ts,smoke,pass (e2e 2),
nav_item,ws:notifications,Workspace > Notifications,any,ws:VIEWER+ (all workspace members),frontend/e2e/tests/10-workspace-documents.spec.ts,smoke,pass (e2e 1),
nav_item,ws:documents,[CRITICAL:upload] Document intelligence > Documents,any,ws:VIEWER+ (all workspace members),frontend/e2e/tests/10-workspace-documents.spec.ts,smoke,pass (e2e 1),
nav_item,ws:assistant,Document intelligence > AI Assistant,any,ws:VIEWER+ (all workspace members),frontend/e2e/tests/10-workspace-documents.spec.ts;frontend/e2e/tests/11-assistant-intelligence.spec.ts,smoke,pass (e2e 2),
nav_item,ws:extraction-memory,Document intelligence > Extraction memory (locked below Business),business,ws:VIEWER+ (all workspace members),frontend/e2e/tests/02-plan-matrix.spec.ts,smoke,pass (e2e 3),
nav_item,ws:entities,Document intelligence > Entity graph (locked below Business),business,ws:VIEWER+ (all workspace members),frontend/e2e/tests/02-plan-matrix.spec.ts,smoke,pass (e2e 3),
nav_item,ws:cases,Document intelligence > Cases (locked below Business),business,ws:VIEWER+ (all workspace members),frontend/e2e/tests/02-plan-matrix.spec.ts,smoke,pass (e2e 3),
nav_item,ws:packet-splits,Document intelligence > Scanned packets (locked below Business),business,ws:VIEWER+ (all workspace members),frontend/e2e/tests/02-plan-matrix.spec.ts,smoke,pass (e2e 3),
nav_item,ws:tables,Document intelligence > Tables (locked below Business),business,ws:VIEWER+ (all workspace members),frontend/e2e/tests/02-plan-matrix.spec.ts,smoke,pass (e2e 3),
nav_item,ws:obligations,Document intelligence > Obligations (locked below Business),business,ws:VIEWER+ (all workspace members),frontend/e2e/tests/02-plan-matrix.spec.ts,smoke,pass (e2e 3),
nav_item,ws:procurement,Enterprise processing > Three-way matching (locked below Business),business,ws:VIEWER+ (all workspace members),frontend/e2e/tests/02-plan-matrix.spec.ts,smoke,pass (e2e 3),
nav_item,ws:erp,Enterprise processing > ERP posting (locked below Business),business,ws:VIEWER+ (all workspace members),frontend/e2e/tests/02-plan-matrix.spec.ts,smoke,pass (e2e 3),
nav_item,ws:process,Enterprise processing > Process intelligence (Enterprise only),enterprise,ws:VIEWER+ (all workspace members),frontend/e2e/tests/02-plan-matrix.spec.ts,smoke,pass (e2e 3),
nav_item,ws:radar,Enterprise processing > Forensic audit radar (locked below Business),business,ws:VIEWER+ (all workspace members),frontend/e2e/tests/02-plan-matrix.spec.ts,smoke,pass (e2e 3),
nav_item,ws:corroboration,Enterprise processing > Document corroborator (Enterprise only),enterprise,ws:VIEWER+ (all workspace members),frontend/e2e/tests/02-plan-matrix.spec.ts;frontend/e2e/tests/12-processing.spec.ts,smoke,pass (e2e 4),
nav_item,ws:workflows,[CRITICAL:workflows] Automation > Workflows,any,ws:VIEWER+ (all workspace members),frontend/e2e/tests/10-workspace-documents.spec.ts,smoke,pass (e2e 1),
nav_item,ws:run-history,[CRITICAL:workflows] Automation > Run history,any,ws:VIEWER+ (all workspace members),frontend/e2e/tests/13-automation-review.spec.ts,deep,pass (e2e 1),
nav_item,ws:review-queue,[CRITICAL:review-queue] Human review > Review queue,any,ws:VIEWER+ (all workspace members),frontend/e2e/tests/10-workspace-documents.spec.ts,smoke,pass (e2e 1),
nav_item,ws:assertion-reviews,[CRITICAL:review-queue] Human review > Clause assertions (Enterprise only),enterprise,ws:VIEWER+ (all workspace members),frontend/e2e/tests/02-plan-matrix.spec.ts,smoke,pass (e2e 3),
nav_item,ws:settings,[CRITICAL:settings] Configuration > Settings (hidden for VIEWER via minimumRole),any,ws:CONTRIBUTOR+,frontend/e2e/tests/03-role-matrix.spec.ts;frontend/e2e/tests/14-configuration.spec.ts,deep,pass (e2e 2),
nav_item,palette:procurement-policies,Command palette shortcut > Tolerance policies,business,ws:VIEWER+ (all workspace members),frontend/e2e/tests/14-configuration.spec.ts,smoke,pass (e2e 1),
nav_item,palette:create-workspace,Command palette > Create workspace,any,org member,,untested,,
nav_item,org:general,Organization > General,any,org:any,frontend/e2e/tests/03-role-matrix.spec.ts,smoke,pass (e2e 3),
nav_item,org:notifications,Organization > Notifications,any,org:any,frontend/e2e/tests/03-role-matrix.spec.ts,smoke,pass (e2e 3),
nav_item,org:members,[CRITICAL:team] Organization > Members,any,"org:OWNER,ADMIN",frontend/e2e/tests/03-role-matrix.spec.ts,smoke,pass (e2e 1),
nav_item,org:transactional-email,Organization > Transactional email (locked below Business),business,"org:OWNER,ADMIN",frontend/e2e/tests/02-plan-matrix.spec.ts;frontend/e2e/tests/20-organization.spec.ts,deep,pass (e2e 4),
nav_item,org:service-levels,Organization > Service levels,any,"org:OWNER,ADMIN",,untested,,
nav_item,org:compliance,[CRITICAL:data-governance] Organization > Data governance & compliance,any,"org:OWNER,ADMIN",,untested,,
nav_item,org:developer,[CRITICAL:api-keys-webhooks] Organization > Developer platform (locked below Developer),developer,"org:OWNER,ADMIN",frontend/e2e/tests/02-plan-matrix.spec.ts,smoke,pass (e2e 3),F-004
nav_item,org:byok,Organization > Enterprise BYOK & models (no plan lock),any,"org:OWNER,ADMIN",,untested,,F-005
nav_item,org:branding,Organization > Branding & custom domains (locked below Developer),developer,"org:OWNER,ADMIN",frontend/e2e/tests/02-plan-matrix.spec.ts,smoke,pass (e2e 3),F-058
nav_item,org:analytics,Organization > Analytics & BI egress (NO UI lock; server needs addon.warehouse_sync),business(addon.warehouse_sync),"org:OWNER,ADMIN",,untested,,F-005
nav_item,org:marketplace,Organization > Partner marketplace (no plan lock),any,"org:OWNER,ADMIN",,untested,,F-005
nav_item,org:autonomy,Organization > Calibrated autonomy (Enterprise only),enterprise,"org:OWNER,ADMIN",frontend/e2e/tests/02-plan-matrix.spec.ts,smoke,pass (e2e 3),
nav_item,org:egress,Organization > Egress lockdown (Enterprise only),enterprise,"org:OWNER,ADMIN",frontend/e2e/tests/02-plan-matrix.spec.ts,smoke,pass (e2e 3),
nav_item,org:billing,[CRITICAL:billing] Organization > Billing,any,"org:OWNER,BILLING",frontend/e2e/tests/03-role-matrix.spec.ts,smoke,pass (e2e 1),
nav_item,org:api-keys,[CRITICAL:api-keys-webhooks] Organization > API keys (locked below Developer),developer,org:OWNER,frontend/e2e/tests/02-plan-matrix.spec.ts,smoke,pass (e2e 3),
nav_item,org:webhooks,[CRITICAL:api-keys-webhooks] Organization > Webhooks (locked below Developer),developer,org:OWNER,frontend/e2e/tests/02-plan-matrix.spec.ts,smoke,pass (e2e 3),
nav_item,org:identity,[CRITICAL:auth] Organization > Enterprise identity (Enterprise only),enterprise,org:OWNER,frontend/e2e/tests/02-plan-matrix.spec.ts,smoke,pass (e2e 3),F-004
nav_item,org:audit,[CRITICAL:audit-log] Organization > Audit log,any,org:OWNER,frontend/e2e/tests/03-role-matrix.spec.ts,smoke,pass (e2e 1),
nav_item,platform:margins,Platform > Unit economics,any,superadmin,frontend/e2e/tests/03-role-matrix.spec.ts,smoke,pass (e2e 10),
nav_item,platform:sovereign,Platform > Sovereign edition,any,superadmin,frontend/e2e/tests/03-role-matrix.spec.ts,smoke,pass (e2e 10),
nav_item,platform:revops,Platform > Revenue operations,any,superadmin,frontend/e2e/tests/03-role-matrix.spec.ts,smoke,pass (e2e 10),
nav_item,partner:portal,Partner > Partner portal (shown only to partner members),any,partner member,,untested,,
nav_item,global:search,Global search / command palette (Ctrl+K),any,signed-in,frontend/e2e/tests/14-configuration.spec.ts,smoke,pass (e2e 1),
nav_item,global:workspace-switcher,Org/workspace switcher (OrgWorkspaceSwitcher),any,signed-in,frontend/e2e/tests/14-configuration.spec.ts,smoke,pass (e2e 1),
nav_item,global:sign-out,[CRITICAL:auth] Sign out,any,signed-in,frontend/e2e/tests/30-auth.spec.ts,deep,pass (e2e 1),
nav_item,global:theme-toggle,Theme toggle,any,anyone,,untested,,
nav_item,global:mobile-drawer,Mobile sidebar drawer,any,signed-in,,untested,,
ui_action,auth.login,[CRITICAL:auth] Sign in with email/password (seed row; Phase 3 enumerates every button per page),,,frontend/e2e/tests/30-auth.spec.ts,deep,pass (e2e 1),
ui_action,auth.register,[CRITICAL:auth] Create account (seed row; Phase 3 enumerates every button per page),,,frontend/e2e/tests/30-auth.spec.ts,deep,pass (e2e 1),
ui_action,auth.verify-email,[CRITICAL:auth] Verify email link + resend (seed row; Phase 3 enumerates every button per page),,,frontend/e2e/tests/30-auth.spec.ts,deep,pass (e2e 1),
ui_action,auth.forgot-reset,[CRITICAL:auth] Forgot + reset password (seed row; Phase 3 enumerates every button per page),,,frontend/e2e/tests/30-auth.spec.ts,deep,pass (e2e 1),
ui_action,auth.sso-login,[CRITICAL:auth] SSO discover/start/complete (seed row; Phase 3 enumerates every button per page),,,,untested,,
ui_action,auth.session-expiry,[CRITICAL:auth] Access-token expiry -> refresh -> re-login (seed row; Phase 3 enumerates every button per page),,,frontend/e2e/tests/30-auth.spec.ts,deep,pass (e2e 1),
ui_action,auth.change-password,[CRITICAL:auth] Change password (Settings > profile) (seed row; Phase 3 enumerates every button per page),,,,untested,,
ui_action,auth.sessions-revoke,[CRITICAL:auth] Revoke a session / log out all (seed row; Phase 3 enumerates every button per page),,,frontend/e2e/tests/30-auth.spec.ts,deep,pass (e2e 1),
ui_action,auth.email-change,[CRITICAL:auth] Request + confirm email change (seed row; Phase 3 enumerates every button per page),,,,untested,,
ui_action,auth.step-up,[CRITICAL:auth] Step-up re-auth modal on sensitive actions (seed row; Phase 3 enumerates every button per page),,,,untested,,
ui_action,org.create,Create organization (onboarding) (seed row; Phase 3 enumerates every button per page),,,frontend/e2e/tests/30-auth.spec.ts,deep,pass (e2e 1),
ui_action,org.archive,Archive organization (OWNER) (seed row; Phase 3 enumerates every button per page),,,,untested,,
ui_action,ws.create,Create workspace (seed row; Phase 3 enumerates every button per page),,,,untested,,
ui_action,team.invite,[CRITICAL:team] Invite member (seed row; Phase 3 enumerates every button per page),,,frontend/e2e/tests/20-organization.spec.ts,deep,pass (e2e 1),F-051
ui_action,team.accept,[CRITICAL:team] Accept invitation (seed row; Phase 3 enumerates every button per page),,,frontend/e2e/tests/20-organization.spec.ts;frontend/e2e/tests/28-invitation-acceptance.spec.ts,deep,"pass (2026-10-10, e2e 3)",F-051;F-222;F-224
ui_action,team.role-change,[CRITICAL:team] Change member role (seed row; Phase 3 enumerates every button per page),,,frontend/e2e/tests/20-organization.spec.ts,deep,pass (e2e 1),F-051
ui_action,team.remove,[CRITICAL:team] Remove member (seed row; Phase 3 enumerates every button per page),,,frontend/e2e/tests/20-organization.spec.ts,deep,pass (e2e 1),F-051
ui_action,team.ownership-transfer,[CRITICAL:team] Transfer ownership (propose/accept/decline/cancel) (seed row; Phase 3 enumerates every button per page),,,,untested,,
ui_action,docs.upload-single,[CRITICAL:upload] Upload one document (seed row; Phase 3 enumerates every button per page),,,frontend/e2e/tests/10-workspace-documents.spec.ts,deep,pass (e2e 1),
ui_action,docs.upload-batch,[CRITICAL:upload] Batch upload / archive expand (seed row; Phase 3 enumerates every button per page),,,frontend/e2e/tests/10-workspace-documents.spec.ts,deep,pass (e2e 1),
ui_action,docs.bulk-actions,[CRITICAL:upload] Bulk actions on work items (seed row; Phase 3 enumerates every button per page),,,frontend/e2e/tests/10-workspace-documents.spec.ts,smoke,pass (e2e 1),
ui_action,docs.correct-field,[CRITICAL:upload] Correct an extracted field (seed row; Phase 3 enumerates every button per page),,,frontend/e2e/tests/10-workspace-documents.spec.ts,untested,"fail (e2e 1 failed, 0 passed)",F-063;F-061
ui_action,review.approve,[CRITICAL:review-queue] Approve review item (seed row; Phase 3 enumerates every button per page),,,frontend/e2e/tests/13-automation-review.spec.ts,untested,"fail (e2e 1 failed, 0 passed)",F-063
ui_action,review.reject,[CRITICAL:review-queue] Reject review item (seed row; Phase 3 enumerates every button per page),,,frontend/e2e/tests/13-automation-review.spec.ts,untested,"fail (e2e 1 failed, 0 passed)",F-063
ui_action,review.escalate,[CRITICAL:review-queue] Escalate / assign review item (seed row; Phase 3 enumerates every button per page),,,frontend/e2e/tests/13-automation-review.spec.ts,untested,"fail (e2e 1 failed, 0 passed)",F-063
ui_action,review.bulk,[CRITICAL:review-queue] Bulk review actions (seed row; Phase 3 enumerates every button per page),,,frontend/e2e/tests/13-automation-review.spec.ts,smoke,pass (e2e 1),
ui_action,assertions.resolve,[CRITICAL:review-queue] Resolve clause assertion review (seed row; Phase 3 enumerates every button per page),,,frontend/e2e/tests/13-automation-review.spec.ts,smoke,pass (e2e 1),
ui_action,wf.create,[CRITICAL:workflows] Create workflow in builder (seed row; Phase 3 enumerates every button per page),,,frontend/e2e/tests/13-automation-review.spec.ts,deep,pass (e2e 1),
ui_action,wf.validate,[CRITICAL:workflows] Validate / test rule (seed row; Phase 3 enumerates every button per page),,,frontend/e2e/tests/13-automation-review.spec.ts,deep,pass (e2e 1),
ui_action,wf.run,[CRITICAL:workflows] Workflow runs on document event (seed row; Phase 3 enumerates every button per page),,,frontend/e2e/tests/13-automation-review.spec.ts,deep,pass (e2e 1),
ui_action,wf.failure,[CRITICAL:workflows] Workflow failure handling + run history (seed row; Phase 3 enumerates every button per page),,,frontend/e2e/tests/13-automation-review.spec.ts,deep,pass (e2e 1),
ui_action,assistant.ask,Ask assistant (RAG) incl. unanswerable question (seed row; Phase 3 enumerates every button per page),,,,untested,,
ui_action,assistant.stream,Streamed answer + resume (seed row; Phase 3 enumerates every button per page),,,,untested,,
ui_action,billing.checkout,[CRITICAL:billing] Test-mode checkout (seed row; Phase 3 enumerates every button per page),,,frontend/e2e/tests/20-organization.spec.ts,smoke,pass (e2e 1),
ui_action,billing.portal,[CRITICAL:billing] Open billing portal (seed row; Phase 3 enumerates every button per page),,,,untested,,
ui_action,billing.seats,[CRITICAL:billing] Change seats (seed row; Phase 3 enumerates every button per page),,,frontend/e2e/tests/20-organization.spec.ts,smoke,pass (e2e 1),
ui_action,billing.cancel,[CRITICAL:billing] Cancel / downgrade (seed row; Phase 3 enumerates every button per page),,,,untested,,
ui_action,billing.quota-reached,[CRITICAL:billing] Quota reached behaviour (seed row; Phase 3 enumerates every button per page),,,frontend/e2e/tests/20-organization.spec.ts,smoke,pass (e2e 1),
ui_action,billing.addon,[CRITICAL:billing] Buy add-on (seed row; Phase 3 enumerates every button per page),,,,untested,,
ui_action,keys.create,[CRITICAL:api-keys-webhooks] Create API key (shown once) (seed row; Phase 3 enumerates every button per page),,,frontend/e2e/tests/20-organization.spec.ts,deep,pass (e2e 1),
ui_action,keys.revoke,[CRITICAL:api-keys-webhooks] Revoke API key (seed row; Phase 3 enumerates every button per page),,,frontend/e2e/tests/20-organization.spec.ts,deep,pass (e2e 1),
ui_action,webhooks.create,[CRITICAL:api-keys-webhooks] Create webhook endpoint (seed row; Phase 3 enumerates every button per page),,,frontend/e2e/tests/20-organization.spec.ts,deep,pass (e2e 1),
ui_action,webhooks.test,[CRITICAL:api-keys-webhooks] Send test / redeliver (seed row; Phase 3 enumerates every button per page),,,frontend/e2e/tests/20-organization.spec.ts,untested,"fail (e2e 1 failed, 0 passed)",F-061
ui_action,gov.export,[CRITICAL:data-governance] Data export (compliance) (seed row; Phase 3 enumerates every button per page),,,frontend/e2e/tests/20-organization.spec.ts,deep,pass (e2e 1),
ui_action,gov.erasure,[CRITICAL:data-governance] Erasure / delete subject (seed row; Phase 3 enumerates every button per page),,,frontend/e2e/tests/20-organization.spec.ts,smoke,pass (e2e 1),
ui_action,gov.retention,[CRITICAL:data-governance] Retention policy + legal hold (seed row; Phase 3 enumerates every button per page),,,frontend/e2e/tests/20-organization.spec.ts,deep,pass (e2e 1),
ui_action,audit.browse-export,[CRITICAL:audit-log] Browse / filter / export audit log (seed row; Phase 3 enumerates every button per page),,,frontend/e2e/tests/20-organization.spec.ts,deep,pass (e2e 1),F-052
ui_action,settings.ai,[CRITICAL:settings] Workspace AI settings (seed row; Phase 3 enumerates every button per page),,,frontend/e2e/tests/14-configuration.spec.ts,smoke,pass (e2e 1),F-058
ui_action,settings.document,[CRITICAL:settings] Document settings (seed row; Phase 3 enumerates every button per page),,,frontend/e2e/tests/14-configuration.spec.ts,smoke,pass (e2e 1),F-058
ui_action,settings.email,[CRITICAL:settings] Workspace email settings (seed row; Phase 3 enumerates every button per page),,,frontend/e2e/tests/14-configuration.spec.ts,smoke,pass (e2e 1),F-058
ui_action,settings.unsaved-guard,[CRITICAL:settings] Unsaved-changes dialog blocks navigation (seed row; Phase 3 enumerates every button per page),,,frontend/e2e/tests/14-configuration.spec.ts,deep,pass (e2e 1),F-062
ui_action,locked.upgrade-dialog,Locked nav item opens upgrade dialog (seed row; Phase 3 enumerates every button per page),,,frontend/e2e/tests/02-plan-matrix.spec.ts,smoke,pass (e2e 3),
ui_action,redaction.apply,"Redaction studio: detect, edit, apply, bundle (seed row; Phase 3 enumerates every button per page)",,,frontend/e2e/tests/14-configuration.spec.ts,smoke,pass (e2e 1),
ui_action,byok.configure,BYOK add/rotate credential (seed row; Phase 3 enumerates every button per page),,,frontend/e2e/tests/20-organization.spec.ts,smoke,pass (e2e 1),
ui_action,branding.domain,Claim/verify custom domain (seed row; Phase 3 enumerates every button per page),,,frontend/e2e/tests/20-organization.spec.ts,untested,"fail (e2e 1 failed, 0 passed)",F-058
endpoint,GET /api/v1/admin/cogs/margins/summary,get_margin_summary [admin/cogs.py:190] auth=superadmin scope=platform(cross-tenant),any,superadmin,existing:tests/api/test_cogs_endpoints.py;backend/tests/engines,deep,"pass (engines, Phase 4)",
endpoint,GET /api/v1/admin/cogs/margins/tenants,get_tenant_economics [admin/cogs.py:215] auth=superadmin scope=platform(cross-tenant),any,superadmin,existing:tests/api/test_cogs_endpoints.py;backend/tests/engines,smoke,"refusal proven (engines, Phase 4)",
endpoint,GET /api/v1/admin/cogs/margins/providers,get_provider_costs [admin/cogs.py:257] auth=superadmin scope=platform(cross-tenant),any,superadmin,existing:tests/api/test_cogs_endpoints.py;backend/tests/engines,smoke,"refusal proven (engines, Phase 4)",
endpoint,GET /api/v1/admin/cogs/rate-card,get_rate_card [admin/cogs.py:289] auth=superadmin scope=platform(cross-tenant),any,superadmin,existing:tests/api/test_cogs_endpoints.py;backend/tests/engines,smoke,"refusal proven (engines, Phase 4)",
endpoint,GET /api/v1/admin/cogs/supplier-invoices,list_supplier_invoices [admin/cogs.py:355] auth=superadmin scope=platform(cross-tenant),any,superadmin,existing:tests/api/test_cogs_endpoints.py;backend/tests/engines,smoke,"refusal proven (engines, Phase 4)",
endpoint,POST /api/v1/admin/cogs/supplier-invoices,create_supplier_invoice [admin/cogs.py:372] auth=superadmin scope=platform(cross-tenant),any,superadmin,existing:tests/api/test_cogs_endpoints.py;backend/tests/engines,smoke,"refusal proven (engines, Phase 4)",
endpoint,POST /api/v1/admin/cogs/supplier-invoices/{supplier_invoice_id}/reconcile,reconcile_supplier_invoice [admin/cogs.py:414] auth=superadmin scope=platform(cross-tenant),any,superadmin,existing:tests/api/test_cogs_endpoints.py;backend/tests/engines,smoke,"refusal proven (engines, Phase 4)",
endpoint,GET /api/v1/admin/cogs/supplier-invoices/{supplier_invoice_id}/reconciliations,list_invoice_reconciliations [admin/cogs.py:455] auth=superadmin scope=platform(cross-tenant),any,superadmin,existing:tests/api/test_cogs_endpoints.py;backend/tests/engines,smoke,"refusal proven (engines, Phase 4)",
endpoint,POST /api/v1/admin/cogs/reconciliations/{reconciliation_id}/accept,accept_variance [admin/cogs.py:472] auth=superadmin scope=platform(cross-tenant),any,superadmin,existing:tests/api/test_cogs_endpoints.py;backend/tests/engines,smoke,"refusal proven (engines, Phase 4)",
endpoint,GET /api/v1/admin/cogs/reconciliations/consolidated,consolidated_reconciliations [admin/cogs.py:500] auth=superadmin scope=platform(cross-tenant),any,superadmin,existing:tests/api/test_cogs_endpoints.py;backend/tests/engines,smoke,"refusal proven (engines, Phase 4)",
endpoint,GET /api/v1/admin/revops/metrics,revenue_metrics [admin/revops.py:45] auth=superadmin scope=platform(cross-tenant) (no existing API test),any,superadmin,backend/tests/engines,deep,"pass (engines, Phase 4)",F-002
endpoint,POST /api/v1/admin/revops/sweep,run_sweep [admin/revops.py:50] auth=superadmin scope=platform(cross-tenant) (no existing API test),any,superadmin,backend/tests/engines,smoke,"refusal proven (engines, Phase 4)",F-002
endpoint,GET /api/v1/admin/revops/price-books,list_price_books [admin/revops.py:57] auth=superadmin scope=platform(cross-tenant) (no existing API test),any,superadmin,backend/tests/engines,smoke,"refusal proven (engines, Phase 4)",F-002
endpoint,POST /api/v1/admin/revops/price-books,create_price_book [admin/revops.py:62] auth=superadmin scope=platform(cross-tenant) (no existing API test),any,superadmin,backend/tests/engines,smoke,"refusal proven (engines, Phase 4)",F-002
endpoint,GET /api/v1/admin/revops/price-books/{book_id},get_price_book [admin/revops.py:71] auth=superadmin scope=platform(cross-tenant) (no existing API test),any,superadmin,backend/tests/engines,smoke,"refusal proven (engines, Phase 4)",F-002
endpoint,PUT /api/v1/admin/revops/price-books/{book_id}/entries,set_price_entry [admin/revops.py:76] auth=superadmin scope=platform(cross-tenant) (no existing API test),any,superadmin,backend/tests/engines,smoke,"refusal proven (engines, Phase 4)",F-002
endpoint,DELETE /api/v1/admin/revops/price-books/{book_id}/entries/{entry_id},delete_price_entry [admin/revops.py:84] auth=superadmin scope=platform(cross-tenant) (no existing API test),any,superadmin,backend/tests/engines,smoke,"refusal proven (engines, Phase 4)",F-002
endpoint,POST /api/v1/admin/revops/price-books/{book_id}/publish,publish_price_book [admin/revops.py:91] auth=superadmin scope=platform(cross-tenant) (no existing API test),any,superadmin,backend/tests/engines,smoke,"refusal proven (engines, Phase 4)",F-002
endpoint,GET /api/v1/admin/revops/promo-codes,list_promo_codes [admin/revops.py:99] auth=superadmin scope=platform(cross-tenant) (no existing API test),any,superadmin,backend/tests/engines,smoke,"refusal proven (engines, Phase 4)",F-002
endpoint,POST /api/v1/admin/revops/promo-codes,create_promo_code [admin/revops.py:104] auth=superadmin scope=platform(cross-tenant) (no existing API test),any,superadmin,backend/tests/engines;frontend/e2e/tests/20-organization.spec.ts,deep,"pass (final release, 2026-10-06)",F-002;F-061
endpoint,PUT /api/v1/admin/revops/promo-codes/{promo_id}/active,set_promo_active [admin/revops.py:112] auth=superadmin scope=platform(cross-tenant) (no existing API test),any,superadmin,backend/tests/engines,smoke,"refusal proven (engines, Phase 4)",F-002
endpoint,GET /api/v1/admin/revops/contracts,list_contracts [admin/revops.py:119] auth=superadmin scope=platform(cross-tenant) (no existing API test),any,superadmin,backend/tests/engines,smoke,"refusal proven (engines, Phase 4)",F-002
endpoint,POST /api/v1/admin/revops/contracts,create_contract [admin/revops.py:124] auth=superadmin scope=platform(cross-tenant) (no existing API test),any,superadmin,backend/tests/engines;frontend/e2e/tests/26-phase3-consoles.spec.ts,deep,"pass (Phase 3, live, 2026-10-08)",F-002;F-186
endpoint,GET /api/v1/admin/revops/contracts/{contract_id},get_contract [admin/revops.py:132] auth=superadmin scope=platform(cross-tenant) (no existing API test),any,superadmin,backend/tests/engines,smoke,"refusal proven (engines, Phase 4)",F-002
endpoint,POST /api/v1/admin/revops/contracts/{contract_id}/activate,activate_contract [admin/revops.py:137] auth=superadmin scope=platform(cross-tenant) (no existing API test),any,superadmin,backend/tests/engines,smoke,"refusal proven (engines, Phase 4)",F-002
endpoint,POST /api/v1/admin/revops/contracts/{contract_id}/issue,issue_contract_invoices [admin/revops.py:145] auth=superadmin scope=platform(cross-tenant) (no existing API test),any,superadmin,backend/tests/engines,smoke,"refusal proven (engines, Phase 4)",F-002
endpoint,POST /api/v1/admin/revops/contracts/{contract_id}/end,end_contract [admin/revops.py:152] auth=superadmin scope=platform(cross-tenant) (no existing API test),any,superadmin,backend/tests/engines;frontend/e2e/tests/26-phase3-consoles.spec.ts,deep,"pass (Phase 3, live, 2026-10-08)",F-002;F-186
endpoint,POST /api/v1/admin/revops/invoices/{invoice_id}/pay,pay_invoice [admin/revops.py:160] auth=superadmin scope=platform(cross-tenant) (no existing API test),any,superadmin,backend/tests/engines;frontend/e2e/tests/26-phase3-consoles.spec.ts,deep,"pass (Phase 3, live, 2026-10-08)",F-002;F-186
endpoint,POST /api/v1/admin/revops/invoices/{invoice_id}/void,void_invoice [admin/revops.py:169] auth=superadmin scope=platform(cross-tenant) (no existing API test),any,superadmin,backend/tests/engines;frontend/e2e/tests/26-phase3-consoles.spec.ts,deep,"pass (Phase 3, live, 2026-10-08)",F-002;F-186
endpoint,GET /api/v1/admin/sovereign,sovereign_status [admin/sovereign.py:40] auth=superadmin scope=platform(cross-tenant) (no existing API test),any,superadmin,backend/tests/engines,smoke,"refusal proven (engines, Phase 4)",F-002
endpoint,GET /api/v1/admin/sovereign/local-llm,local_llm_health [admin/sovereign.py:59] auth=superadmin scope=platform(cross-tenant) (no existing API test),any,superadmin,backend/tests/engines,smoke,"refusal proven (engines, Phase 4)",F-002
endpoint,GET /api/v1/admin/sovereign/refusals,all_refusals [admin/sovereign.py:64] auth=superadmin scope=platform(cross-tenant) (no existing API test),any,superadmin,backend/tests/engines,smoke,"refusal proven (engines, Phase 4)",F-002
endpoint,POST /api/v1/admin/sovereign/egress-test,operator_egress_test [admin/sovereign.py:70] auth=superadmin scope=platform(cross-tenant) (no existing API test),any,superadmin,backend/tests/engines,smoke,"refusal proven (engines, Phase 4)",F-002
endpoint,POST /api/v1/admin/sovereign/licence,install_licence [admin/sovereign.py:77] auth=superadmin scope=platform(cross-tenant) (no existing API test),any,superadmin,backend/tests/engines,smoke,"refusal proven (engines, Phase 4)",F-002
endpoint,GET /api/v1/admin/sovereign/release,release_status [admin/sovereign.py:88] auth=superadmin scope=platform(cross-tenant) (no existing API test),any,superadmin,backend/tests/engines,deep,"pass (engines, Phase 4)",F-002
endpoint,GET /api/v1/workspaces/{workspace_id}/ai-settings,get_ai_settings [ai_settings.py:32] auth=user_jwt scope=workspace,any,ws:CONTRIBUTOR+,backend/tests/engines,deep,"pass (engines, Phase 4)",
endpoint,PUT /api/v1/workspaces/{workspace_id}/ai-settings,upsert_ai_settings [ai_settings.py:55] auth=user_jwt scope=workspace,any,ws:ADMIN+,backend/tests/isolation/test_data_isolation.py;backend/tests/security/test_cross_tenant_sweep.py;backend/tests/security/test_role_matrix.py,smoke,"pass 2026-10-06 (backend suite, Phase 5): 7 passing test(s) drove it; responses 200,401,403,404",
endpoint,GET /api/v1/workspaces/{workspace_id}/ai-settings/resolved,get_resolved_ai_settings [ai_settings.py:85] auth=user_jwt scope=workspace,any,ws:CONTRIBUTOR+,backend/tests/engines,deep,"pass (engines, Phase 4)",
endpoint,GET /api/v1/workspaces/{workspace_id}/ai-settings/models,get_supported_models [ai_settings.py:121] auth=user_jwt scope=workspace,any,ws:CONTRIBUTOR+,backend/tests/engines,deep,"pass (engines, Phase 4)",
endpoint,GET /api/v1/workspaces/{workspace_id}/ai-settings/providers,get_available_providers [ai_settings.py:135] auth=user_jwt scope=workspace,any,ws:CONTRIBUTOR+,backend/tests/engines,deep,"pass (engines, Phase 4)",
endpoint,POST /api/v1/workspaces/{workspace_id}/ai-settings/test,test_ai_configuration [ai_settings.py:146] auth=user_jwt scope=workspace,any,ws:ADMIN+,backend/tests/security/test_cross_tenant_sweep.py;backend/tests/security/test_idor_child_entities.py;backend/tests/security/test_role_matrix.py,smoke,"pass 2026-10-06 (backend suite, Phase 5): 10 passing test(s) drove it; responses 200,401,403,404",
endpoint,GET /api/v1/workspaces/{workspace_id}/anomalies,list_anomalies [anomalies.py:181] auth=user_jwt scope=workspace (no existing API test),business,ws:VIEWER+,backend/tests/engines,deep,"pass (engines, Phase 4)",F-002
endpoint,GET /api/v1/workspaces/{workspace_id}/anomalies/series,price_series [anomalies.py:262] auth=user_jwt scope=workspace (no existing API test),business,ws:VIEWER+,backend/tests/engines,deep,"pass (engines, Phase 4)",F-002
endpoint,GET /api/v1/workspaces/{workspace_id}/anomalies/suppressions,list_suppressions [anomalies.py:332] auth=user_jwt scope=workspace (no existing API test),business,ws:ADMIN+,backend/tests/engines,deep,"pass (engines, Phase 4)",F-002
endpoint,GET /api/v1/workspaces/{workspace_id}/anomalies/{finding_id},get_anomaly [anomalies.py:348] auth=user_jwt scope=workspace (no existing API test),business,ws:VIEWER+,backend/tests/engines,smoke,"refusal proven (engines, Phase 4)",F-002
endpoint,POST /api/v1/workspaces/{workspace_id}/anomalies/{finding_id}/confirm,confirm_anomaly [anomalies.py:418] auth=user_jwt scope=workspace (no existing API test),business,ws:CONTRIBUTOR+,backend/tests/engines,smoke,"refusal proven (engines, Phase 4)",F-002
endpoint,POST /api/v1/workspaces/{workspace_id}/anomalies/{finding_id}/dismiss,dismiss_anomaly [anomalies.py:510] auth=user_jwt scope=workspace (no existing API test),business,ws:CONTRIBUTOR+,backend/tests/engines,deep,"pass (engines, Phase 4)",F-002
endpoint,POST /api/v1/organizations/{organization_id}/api-keys,[CRITICAL:api-keys-webhooks] create_api_key [api_keys.py:53] auth=user_jwt scope=organization,developer,"org:OWNER,ADMIN",existing:tests/api/test_api_key_issuance.py;backend/tests/api/test_api_key_issuance.py;backend/tests/security/test_cross_tenant_sweep.py;backend/tests/security/test_idor_child_entities.py,smoke,"pass 2026-10-06 (backend suite, Phase 5): 13 passing test(s) drove it; responses 201,401,402,403,404",F-015
endpoint,GET /api/v1/organizations/{organization_id}/api-keys,[CRITICAL:api-keys-webhooks] list_api_keys [api_keys.py:97] auth=user_jwt scope=organization,any (UNGATED in a developer-plan module),"org:OWNER,ADMIN",existing:tests/api/test_api_key_issuance.py;backend/tests/engines,deep,"pass (engines, Phase 4)",F-015
endpoint,GET /api/v1/organizations/{organization_id}/api-keys/{key_id},[CRITICAL:api-keys-webhooks] get_api_key [api_keys.py:114] auth=user_jwt scope=organization,any (UNGATED in a developer-plan module),"org:OWNER,ADMIN",existing:tests/api/test_api_key_issuance.py;backend/tests/security/test_cross_tenant_sweep.py;backend/tests/security/test_idor_child_entities.py;backend/tests/security/test_plan_gating_server_side.py,smoke,"pass 2026-10-06 (backend suite, Phase 5): 13 passing test(s) drove it; responses 200,401,403,404",F-015
endpoint,POST /api/v1/organizations/{organization_id}/api-keys/{key_id}/rotate,[CRITICAL:api-keys-webhooks] rotate_api_key [api_keys.py:136] auth=user_jwt scope=organization,developer,"org:OWNER,ADMIN",existing:tests/api/test_api_key_issuance.py;backend/tests/api/test_api_key_issuance.py;backend/tests/security/test_cross_tenant_sweep.py;backend/tests/security/test_idor_child_entities.py,smoke,"pass 2026-10-06 (backend suite, Phase 5): 11 passing test(s) drove it; responses 200,401,402,403,404,409",F-015
endpoint,DELETE /api/v1/organizations/{organization_id}/api-keys/{key_id},[CRITICAL:api-keys-webhooks] revoke_api_key [api_keys.py:170] auth=user_jwt scope=organization,any (UNGATED in a developer-plan module),"org:OWNER,ADMIN",existing:tests/api/test_api_key_issuance.py;backend/tests/engines,deep,"pass (engines, Phase 4)",F-015
endpoint,POST /api/v1/workspaces/{workspace_id}/assertions/preview,[CRITICAL:review-queue] preview_assertion [assertions.py:146] auth=user_jwt scope=workspace (no existing API test),enterprise,ws:CONTRIBUTOR+,backend/tests/engines,deep,"pass (engines, Phase 4)",F-002
endpoint,GET /api/v1/workspaces/{workspace_id}/assertions/rules/{rule_id},[CRITICAL:review-queue] list_rule_assertions [assertions.py:173] auth=user_jwt scope=workspace (no existing API test),enterprise,ws:VIEWER+,backend/tests/engines,smoke,"refusal proven (engines, Phase 4)",F-002
endpoint,PUT /api/v1/workspaces/{workspace_id}/assertions/rules/{rule_id}/nodes/{node_key},[CRITICAL:review-queue] save_assertion [assertions.py:204] auth=user_jwt scope=workspace (no existing API test),enterprise,ws:ADMIN+,backend/tests/engines,deep,"pass (engines, Phase 4)",F-002
endpoint,POST /api/v1/workspaces/{workspace_id}/assertions/simulate,[CRITICAL:review-queue] simulate_assertion [assertions.py:260] auth=user_jwt scope=workspace (no existing API test),enterprise,ws:CONTRIBUTOR+,backend/tests/security/test_cross_tenant_sweep.py;backend/tests/security/test_idor_child_entities.py;backend/tests/security/test_plan_gating_server_side.py,smoke,"pass 2026-10-06 (backend suite, Phase 5): 11 passing test(s) drove it; responses 401,402,403,404",F-002
endpoint,GET /api/v1/workspaces/{workspace_id}/assertions/reviews,[CRITICAL:review-queue] list_review_queue [assertions.py:329] auth=user_jwt scope=workspace (no existing API test),enterprise,ws:VIEWER+,backend/tests/engines,deep,"pass (engines, Phase 4)",F-002
endpoint,POST /api/v1/workspaces/{workspace_id}/assertions/reviews/{evaluation_id}/resolve,[CRITICAL:review-queue] resolve_review [assertions.py:388] auth=user_jwt scope=workspace (no existing API test),enterprise,ws:CONTRIBUTOR+,backend/tests/engines,smoke,"refusal proven (engines, Phase 4)",F-002
endpoint,GET /api/v1/workspaces/{workspace_id}/assertions/phrases,[CRITICAL:review-queue] list_learned_phrases [assertions.py:513] auth=user_jwt scope=workspace (no existing API test),enterprise,ws:ADMIN+,backend/tests/engines,deep,"pass (engines, Phase 4)",F-002
endpoint,GET /api/v1/workspaces/{workspace_id}/assertions/clause-checks,[CRITICAL:review-queue] list_clause_checks [assertions.py:593] auth=user_jwt scope=workspace (no existing API test),enterprise,ws:VIEWER+,backend/tests/engines,deep,"pass (engines, Phase 4)",F-002
endpoint,POST /api/v1/workspaces/{workspace_id}/assertions/clause-checks,[CRITICAL:review-queue] create_clause_check [assertions.py:609] auth=user_jwt scope=workspace (no existing API test),enterprise,ws:ADMIN+,backend/tests/engines,deep,"pass (engines, Phase 4)",F-002
endpoint,PATCH /api/v1/workspaces/{workspace_id}/assertions/clause-checks/{rule_id},[CRITICAL:review-queue] update_clause_check [assertions.py:630] auth=user_jwt scope=workspace (no existing API test),enterprise,ws:ADMIN+,backend/tests/engines,deep,"pass (engines, Phase 4)",F-002
endpoint,DELETE /api/v1/workspaces/{workspace_id}/assertions/clause-checks/{rule_id},[CRITICAL:review-queue] delete_clause_check [assertions.py:655] auth=user_jwt scope=workspace (no existing API test),enterprise,ws:ADMIN+,backend/tests/engines,smoke,"refusal proven (engines, Phase 4)",F-002
endpoint,POST /api/v1/workspaces/{workspace_id}/assistant/conversations,create_chat_session [assistant.py:80] auth=user_jwt scope=workspace,any,ws:CONTRIBUTOR+,backend/tests/security/test_cross_tenant_sweep.py;backend/tests/security/test_idor_child_entities.py;backend/tests/security/test_role_matrix.py,smoke,"pass 2026-10-06 (backend suite, Phase 5): 9 passing test(s) drove it; responses 201,401,403,404",
endpoint,GET /api/v1/workspaces/{workspace_id}/assistant/conversations,list_conversations [assistant.py:129] auth=user_jwt scope=workspace,any,ws:VIEWER+,backend/tests/engines,deep,"pass (engines, Phase 4)",
endpoint,GET /api/v1/workspaces/{workspace_id}/assistant/documents/{work_item_id}/conversation,get_document_conversation [assistant.py:159] auth=user_jwt scope=workspace,any,ws:VIEWER+,backend/tests/security/test_cross_tenant_sweep.py;backend/tests/security/test_role_matrix.py,smoke,"pass 2026-10-06 (backend suite, Phase 5): 6 passing test(s) drove it; responses 401,404",
endpoint,GET /api/v1/workspaces/{workspace_id}/assistant/conversations/{conversation_id},get_conversation [assistant.py:217] auth=user_jwt scope=workspace,any,ws:VIEWER+,backend/tests/security/test_cross_tenant_sweep.py;backend/tests/security/test_idor_child_entities.py;backend/tests/security/test_role_matrix.py,smoke,"pass 2026-10-06 (backend suite, Phase 5): 9 passing test(s) drove it; responses 200,401,404",
endpoint,PATCH /api/v1/workspaces/{workspace_id}/assistant/conversations/{conversation_id},rename_conversation [assistant.py:250] auth=user_jwt scope=workspace,any,ws:CONTRIBUTOR+,backend/tests/security/test_cross_tenant_sweep.py;backend/tests/security/test_idor_child_entities.py;backend/tests/security/test_role_matrix.py,smoke,"pass 2026-10-06 (backend suite, Phase 5): 7 passing test(s) drove it; responses 401,403,404",
endpoint,DELETE /api/v1/workspaces/{workspace_id}/assistant/conversations/{conversation_id},delete_chat_session [assistant.py:285] auth=user_jwt scope=workspace,any,ws:CONTRIBUTOR+,backend/tests/security/test_cross_tenant_sweep.py;backend/tests/security/test_idor_child_entities.py;backend/tests/security/test_role_matrix.py,smoke,"pass 2026-10-06 (backend suite, Phase 5): 7 passing test(s) drove it; responses 401,403,404",
endpoint,POST /api/v1/workspaces/{workspace_id}/assistant/conversations/{conversation_id}/messages,post_chat_query [assistant.py:318] auth=user_jwt scope=workspace,any,ws:CONTRIBUTOR+,backend/tests/security/test_cross_tenant_sweep.py;backend/tests/security/test_idor_child_entities.py;backend/tests/security/test_role_matrix.py;backend/tests/engines/test_blocking_io_does_not_freeze_the_api_live.py,deep,"pass (2026-10-10, live uvicorn): blocking step off the event loop, /health under 1 s",F-218
endpoint,GET /api/v1/workspaces/{workspace_id}/assistant/sessions,list_sessions [assistant_sessions.py:103] auth=user_jwt scope=workspace,any,ws:VIEWER+,backend/tests/engines,deep,"pass (engines, Phase 4)",
endpoint,PATCH /api/v1/workspaces/{workspace_id}/assistant/sessions/{conversation_id},update_session [assistant_sessions.py:130] auth=user_jwt scope=workspace,any,ws:VIEWER+,backend/tests/security/test_cross_tenant_sweep.py,smoke,"pass 2026-10-06 (backend suite, Phase 5): 4 passing test(s) drove it; responses 401,404",
endpoint,GET /api/v1/workspaces/{workspace_id}/assistant/sessions/{conversation_id}/scope,get_scope [assistant_sessions.py:175] auth=user_jwt scope=workspace,any,ws:VIEWER+,backend/tests/security/test_cross_tenant_sweep.py;backend/tests/security/test_role_matrix.py,smoke,"pass 2026-10-06 (backend suite, Phase 5): 6 passing test(s) drove it; responses 401,404",
endpoint,PUT /api/v1/workspaces/{workspace_id}/assistant/sessions/{conversation_id}/scope,put_scope [assistant_sessions.py:199] auth=user_jwt scope=workspace,any,ws:VIEWER+,backend/tests/security/test_cross_tenant_sweep.py,smoke,"pass 2026-10-06 (backend suite, Phase 5): 4 passing test(s) drove it; responses 401,404",
endpoint,GET /api/v1/workspaces/{workspace_id}/assistant/sessions/{conversation_id}/export,export_session [assistant_sessions.py:229] auth=user_jwt scope=workspace,any,ws:VIEWER+,backend/tests/security/test_cross_tenant_sweep.py;backend/tests/security/test_role_matrix.py,smoke,"pass 2026-10-06 (backend suite, Phase 5): 6 passing test(s) drove it; responses 401,404",
endpoint,GET /api/v1/workspaces/{workspace_id}/assistant/models,list_models [assistant_sessions.py:259] auth=user_jwt scope=workspace,any,ws:VIEWER+,backend/tests/engines,deep,"pass (engines, Phase 4)",
endpoint,GET /api/v1/workspaces/{workspace_id}/assistant/prompt-templates,list_prompt_templates [assistant_sessions.py:280] auth=user_jwt scope=workspace,any,ws:VIEWER+,backend/tests/engines,deep,"pass (engines, Phase 4)",
endpoint,POST /api/v1/workspaces/{workspace_id}/assistant/prompt-templates,create_prompt_template [assistant_sessions.py:298] auth=user_jwt scope=workspace,any,ws:CONTRIBUTOR+,backend/tests/security/test_cross_tenant_sweep.py;backend/tests/security/test_idor_child_entities.py;backend/tests/security/test_role_matrix.py,smoke,"pass 2026-10-06 (backend suite, Phase 5): 9 passing test(s) drove it; responses 201,401,403,404",
endpoint,PUT /api/v1/workspaces/{workspace_id}/assistant/prompt-templates/{template_id},update_prompt_template [assistant_sessions.py:347] auth=user_jwt scope=workspace,any,ws:CONTRIBUTOR+,backend/tests/security/test_cross_tenant_sweep.py;backend/tests/security/test_idor_child_entities.py;backend/tests/security/test_role_matrix.py,smoke,"pass 2026-10-06 (backend suite, Phase 5): 7 passing test(s) drove it; responses 401,403,404",
endpoint,DELETE /api/v1/workspaces/{workspace_id}/assistant/prompt-templates/{template_id},archive_prompt_template [assistant_sessions.py:377] auth=user_jwt scope=workspace,any,ws:CONTRIBUTOR+,backend/tests/security/test_cross_tenant_sweep.py;backend/tests/security/test_idor_child_entities.py;backend/tests/security/test_role_matrix.py,smoke,"pass 2026-10-06 (backend suite, Phase 5): 7 passing test(s) drove it; responses 401,403,404",
endpoint,POST /api/v1/workspaces/{workspace_id}/assistant/conversations/{conversation_id}/messages/stream,stream_chat_query [assistant_stream.py:49] auth=user_jwt scope=workspace,any,ws:CONTRIBUTOR+,existing:tests/api/test_arch12_stream_api.py;backend/tests/api/test_arch12_stream_api.py;backend/tests/security/test_cross_tenant_sweep.py;backend/tests/security/test_idor_child_entities.py;backend/tests/engines/test_blocking_io_does_not_freeze_the_api_live.py,deep,"pass (2026-10-10, live uvicorn): blocking step off the event loop, /health under 1 s",F-218
endpoint,GET /api/v1/workspaces/{workspace_id}/assistant/messages/{message_id}/stream,resume_message_stream [assistant_stream.py:176] auth=user_jwt scope=workspace,any,ws:VIEWER+,existing:tests/api/test_arch12_stream_api.py;backend/tests/security/test_cross_tenant_sweep.py;backend/tests/security/test_role_matrix.py,smoke,"pass 2026-10-06 (backend suite, Phase 5): 6 passing test(s) drove it; responses 401,404",F-218
endpoint,GET /api/v1/workspaces/{workspace_id}/assistant/messages/{message_id}/provenance,get_message_provenance [assistant_stream.py:264] auth=user_jwt scope=workspace,any,ws:VIEWER+,existing:tests/api/test_arch12_stream_api.py;backend/tests/security/test_cross_tenant_sweep.py;backend/tests/security/test_role_matrix.py,smoke,"pass 2026-10-06 (backend suite, Phase 5): 6 passing test(s) drove it; responses 401,404",
endpoint,GET /api/v1/organizations/{organization_id}/audit-logs/export,[CRITICAL:audit-log] export_audit_logs [audit_logs.py:93] auth=user_jwt scope=organization,any,"org:OWNER,ADMIN",existing:tests/api/test_audit_logs.py;existing:tests/api/test_audit_export.py;backend/tests/api/test_audit_export.py;backend/tests/security/test_cross_tenant_sweep.py;backend/tests/security/test_injection_sweep.py,smoke,"pass 2026-10-06 (backend suite, Phase 5): 17 passing test(s) drove it; responses 200,401,403,404,422",F-015
endpoint,GET /api/v1/organizations/{organization_id}/audit-logs,[CRITICAL:audit-log] list_audit_logs [audit_logs.py:177] auth=user_jwt scope=organization,any,"org:OWNER,ADMIN",existing:tests/api/test_audit_logs.py;existing:tests/api/test_audit_export.py;backend/tests/api/test_api_key_issuance.py;backend/tests/api/test_audit_logs.py;backend/tests/api/test_audit_outcome.py,smoke,"pass 2026-10-06 (backend suite, Phase 5): 27 passing test(s) drove it; responses 200,401,403,404,422",F-015
endpoint,GET /api/v1/organizations/{organization_id}/audit-logs/{audit_log_id},[CRITICAL:audit-log] get_audit_log [audit_logs.py:243] auth=user_jwt scope=organization,any,"org:OWNER,ADMIN",existing:tests/api/test_audit_logs.py;existing:tests/api/test_audit_export.py;backend/tests/security/test_cross_tenant_sweep.py;backend/tests/security/test_role_matrix.py,smoke,"pass 2026-10-06 (backend suite, Phase 5): 8 passing test(s) drove it; responses 401,403,404",F-015
endpoint,POST /api/v1/auth/register,[CRITICAL:auth] register [auth.py:121] auth=public scope=none,any,anonymous,existing:tests/services/test_auth_endpoints.py;existing:tests/api/test_login_backoff.py;backend/tests/security/test_work_survives_client_disconnect.py;backend/tests/api/test_password_policy.py,deep,"pass (final release, 2026-10-06)",F-106;F-119;F-118
endpoint,POST /api/v1/auth/login,[CRITICAL:auth] login [auth.py:210] auth=public scope=none,any,anonymous,tests/security/test_rate_limits.py;backend/tests/engines;backend/tests/security/test_rate_limit_settings.py;backend/tests/api/test_mfa.py,deep,"pass (final release, 2026-10-06)",F-048;F-117
endpoint,POST /api/v1/auth/refresh,[CRITICAL:auth] refresh [auth.py:262] auth=public scope=none,any,anonymous,existing:tests/services/test_auth_endpoints.py;existing:tests/api/test_login_backoff.py;backend/tests/security/test_auth_token_attacks.py;backend/tests/services/test_auth_endpoints.py;backend/tests/services/test_password.py;backend/tests/services/test_session_lifetime.py;backend/tests/services/test_concurrent_refresh_f126.py,deep,"pass (final systemic polish, 2026-10-07)",F-120;F-126
endpoint,POST /api/v1/auth/logout,[CRITICAL:auth] logout [auth.py:302] auth=public scope=none,any,anonymous,existing:tests/services/test_auth_endpoints.py;existing:tests/api/test_login_backoff.py;backend/tests/services/test_auth_endpoints.py;backend/tests/services/test_regression_matrix.py;backend/tests/services/test_sign_out_reaches_the_server.py,deep,"pass (final systemic polish, 2026-10-07)",F-126;F-130
endpoint,POST /api/v1/auth/logout-all,[CRITICAL:auth] logout_all [auth.py:330] auth=user_jwt scope=user,any,any authenticated user,existing:tests/services/test_auth_endpoints.py;existing:tests/api/test_login_backoff.py;backend/tests/engines,deep,"pass (engines, Phase 4)",
endpoint,GET /api/v1/auth/sessions,[CRITICAL:auth] list_sessions [auth.py:347] auth=user_jwt scope=user,any,any authenticated user,existing:tests/services/test_auth_endpoints.py;existing:tests/api/test_login_backoff.py;backend/tests/services/test_auth_endpoints.py,smoke,"pass 2026-10-06 (backend suite, Phase 5): 3 passing test(s) drove it; responses 200",
endpoint,DELETE /api/v1/auth/sessions/{session_id},[CRITICAL:auth] revoke_one_session [auth.py:358] auth=user_jwt scope=user,any,any authenticated user,existing:tests/services/test_auth_endpoints.py;existing:tests/api/test_login_backoff.py;backend/tests/services/test_auth_endpoints.py;backend/tests/services/test_concurrent_refresh_f126.py,deep,"pass (final systemic polish, 2026-10-07)",F-126
endpoint,POST /api/v1/auth/verify-email,[CRITICAL:auth] verify_email [auth.py:383] auth=public scope=none,any,anonymous,existing:tests/services/test_auth_endpoints.py;existing:tests/api/test_login_backoff.py;backend/tests/services/test_verification.py,smoke,"pass 2026-10-06 (backend suite, Phase 5): 8 passing test(s) drove it; responses 200,400",
endpoint,POST /api/v1/auth/resend-verification,[CRITICAL:auth] resend_verification [auth.py:415] auth=user_jwt scope=user,any,any authenticated user,existing:tests/services/test_auth_endpoints.py;existing:tests/api/test_login_backoff.py;backend/tests/services/test_regression_matrix.py;backend/tests/services/test_verification.py,smoke,"pass 2026-10-06 (backend suite, Phase 5): 5 passing test(s) drove it; responses 202,401,429",
endpoint,POST /api/v1/auth/forgot-password,[CRITICAL:auth] forgot_password [auth.py:460] auth=public scope=none,any,anonymous,existing:tests/services/test_auth_endpoints.py;existing:tests/api/test_login_backoff.py;backend/tests/services/test_password.py;backend/tests/services/test_sec1_gate_3_lockout.py,smoke,"pass 2026-10-06 (backend suite, Phase 5): 4 passing test(s) drove it; responses 202,422",
endpoint,POST /api/v1/auth/reset-password,[CRITICAL:auth] reset_password [auth.py:505] auth=public scope=none,any,anonymous,existing:tests/services/test_auth_endpoints.py;existing:tests/api/test_login_backoff.py;backend/tests/security/test_validation_errors_do_not_echo_input.py;backend/tests/services/test_password.py;backend/tests/services/test_regression_matrix.py;backend/tests/api/test_password_policy.py,deep,"pass (final release, 2026-10-06)",F-119
endpoint,POST /api/v1/auth/change-password,[CRITICAL:auth] change_password [auth.py:546] auth=user_jwt scope=user,any,any authenticated user,existing:tests/services/test_auth_endpoints.py;existing:tests/api/test_login_backoff.py;backend/tests/security/test_validation_errors_do_not_echo_input.py;backend/tests/services/test_password.py;backend/tests/api/test_password_policy.py,deep,"pass (final release, 2026-10-06)",F-119
endpoint,GET /api/v1/auth/me,[CRITICAL:auth] get_me [auth.py:593] auth=user_jwt scope=user,any,any authenticated user,tests/security/test_auth_token_attacks.py;backend/tests/api/test_avatar_upload.py,deep,"pass (Phase 5, 2026-10-06)",F-049
endpoint,GET /api/v1/workspaces/{workspace_id}/automation/catalog,[CRITICAL:workflows] get_catalog [automation.py:121] auth=user_jwt scope=workspace,any,ws:CONTRIBUTOR+,backend/tests/engines,deep,"pass (engines, Phase 4)",
endpoint,GET /api/v1/workspaces/{workspace_id}/automation/executions/{execution_id}/nodes,[CRITICAL:workflows] list_execution_nodes [automation.py:135] auth=user_jwt scope=workspace,any,ws:CONTRIBUTOR+,backend/tests/engines,deep,"pass (engines, Phase 4)",
endpoint,GET /api/v1/workspaces/{workspace_id}/automation/executions,[CRITICAL:workflows] list_executions [automation.py:272] auth=user_jwt scope=workspace,any,ws:CONTRIBUTOR+,backend/tests/engines,deep,"pass (engines, Phase 4)",
endpoint,GET /api/v1/workspaces/{workspace_id}/automation/executions/{execution_id},[CRITICAL:workflows] get_execution [automation.py:347] auth=user_jwt scope=workspace,any,ws:CONTRIBUTOR+,backend/tests/engines,smoke,"refusal proven (engines, Phase 4)",
endpoint,POST /api/v1/workspaces/{workspace_id}/automation/rules,[CRITICAL:workflows] create_rule [automation.py:375] auth=user_jwt scope=workspace,any,ws:ADMIN+,backend/tests/engines,deep,"pass (engines, Phase 4)",
endpoint,GET /api/v1/workspaces/{workspace_id}/automation/rules,[CRITICAL:workflows] list_rules [automation.py:423] auth=user_jwt scope=workspace,any,ws:CONTRIBUTOR+,backend/tests/engines,deep,"pass (engines, Phase 4)",
endpoint,GET /api/v1/workspaces/{workspace_id}/automation/logs,[CRITICAL:workflows] list_rule_logs [automation.py:491] auth=user_jwt scope=workspace,any,ws:CONTRIBUTOR+,backend/tests/engines,deep,"pass (engines, Phase 4)",
endpoint,GET /api/v1/workspaces/{workspace_id}/automation/rules/{rule_id},[CRITICAL:workflows] get_rule [automation.py:557] auth=user_jwt scope=workspace,any,ws:CONTRIBUTOR+,backend/tests/engines,smoke,"refusal proven (engines, Phase 4)",
endpoint,PATCH /api/v1/workspaces/{workspace_id}/automation/rules/{rule_id},[CRITICAL:workflows] update_rule [automation.py:577] auth=user_jwt scope=workspace,any,ws:ADMIN+,backend/tests/engines,deep,"pass (engines, Phase 4)",
endpoint,DELETE /api/v1/workspaces/{workspace_id}/automation/rules/{rule_id},[CRITICAL:workflows] delete_rule [automation.py:654] auth=user_jwt scope=workspace,any,ws:ADMIN+,backend/tests/engines;backend/tests/engines/test_automation_live.py,deep,"pass (live feedback, 2026-10-07): a rule that has run is deleted, history kept",F-150
endpoint,POST /api/v1/workspaces/{workspace_id}/automation/rules/{rule_id}/test,[CRITICAL:workflows] test_rule [automation.py:680] auth=user_jwt scope=workspace,any,ws:ADMIN+,backend/tests/engines;backend/tests/engines/test_blocking_io_does_not_freeze_the_api_live.py,deep,"pass (2026-10-10, live uvicorn): blocking step off the event loop, /health under 1 s",F-218
endpoint,GET /api/v1/organizations/{organization_id}/autonomy,get_autonomy [autonomy.py:91] auth=user_jwt scope=organization (no existing API test),enterprise,"org:OWNER,ADMIN",backend/tests/security/test_cross_tenant_sweep.py;backend/tests/security/test_plan_gating_server_side.py;backend/tests/security/test_role_matrix.py,smoke,"pass 2026-10-06 (backend suite, Phase 5): 10 passing test(s) drove it; responses 200,401,402,403,404",F-002
endpoint,GET /api/v1/organizations/{organization_id}/autonomy/{decision_type}/reliability,get_reliability [autonomy.py:119] auth=user_jwt scope=organization (no existing API test),enterprise,"org:OWNER,ADMIN",backend/tests/security/test_cross_tenant_sweep.py;backend/tests/security/test_plan_gating_server_side.py;backend/tests/security/test_role_matrix.py,smoke,"pass 2026-10-06 (backend suite, Phase 5): 10 passing test(s) drove it; responses 401,402,403,404",F-002
endpoint,PUT /api/v1/organizations/{organization_id}/autonomy/{decision_type},put_autonomy [autonomy.py:140] auth=user_jwt scope=organization (no existing API test),enterprise,org:OWNER,backend/tests/security/test_cross_tenant_sweep.py;backend/tests/security/test_plan_gating_server_side.py;backend/tests/security/test_role_matrix.py,smoke,"pass 2026-10-06 (backend suite, Phase 5): 9 passing test(s) drove it; responses 401,402,403,404",F-002
endpoint,POST /api/v1/organizations/{organization_id}/autonomy/{decision_type}/resume,resume_autonomy [autonomy.py:209] auth=user_jwt scope=organization (no existing API test),enterprise,org:OWNER,backend/tests/security/test_cross_tenant_sweep.py;backend/tests/security/test_plan_gating_server_side.py;backend/tests/security/test_role_matrix.py,smoke,"pass 2026-10-06 (backend suite, Phase 5): 9 passing test(s) drove it; responses 401,402,403,404",F-002
endpoint,POST /api/v1/me/avatar,upload_avatar [avatar.py:64] auth=user_jwt scope=user,any,any authenticated user,existing:tests/api/test_avatar_upload.py;backend/tests/api/test_avatar_upload.py;backend/tests/engines/test_blocking_io_does_not_freeze_the_api_live.py,deep,"pass (2026-10-10, live uvicorn): blocking step off the event loop, /health under 1 s",F-049;F-097;F-218
endpoint,DELETE /api/v1/me/avatar,delete_avatar [avatar.py:103] auth=user_jwt scope=user,any,any authenticated user,existing:tests/api/test_avatar_upload.py;backend/tests/api/test_avatar_upload.py,deep,"pass (Phase 5, 2026-10-06)",F-049
endpoint,GET /api/v1/users/{user_id}/avatar,stream_avatar [avatar.py:121] auth=user_jwt scope=user,any,any authenticated user,existing:tests/api/test_avatar_upload.py;backend/tests/api/test_avatar_upload.py;frontend/e2e/tests/17-identity-images.spec.ts,deep,"pass (final systemic polish, 2026-10-07)",F-049;F-136
endpoint,GET /api/v1/organizations/{organization_id}/billing/price-book/seat,[CRITICAL:billing] get_seat_price_book [billing.py:77] auth=user_jwt scope=organization,any,"org:OWNER,ADMIN,BILLING",backend/tests/api/test_arch24_endpoints.py;backend/tests/security/test_cross_tenant_sweep.py;backend/tests/security/test_role_matrix.py,smoke,"pass 2026-10-06 (backend suite, Phase 5): 16 passing test(s) drove it; responses 200,401,403,404,422",
endpoint,GET /api/v1/organizations/{organization_id}/billing/plans,[CRITICAL:billing] list_plans [billing.py:133] auth=user_jwt scope=organization,any,"org:OWNER,ADMIN,BILLING",backend/tests/security/test_cross_tenant_sweep.py;backend/tests/security/test_role_matrix.py,smoke,"pass 2026-10-06 (backend suite, Phase 5): 8 passing test(s) drove it; responses 200,401,403,404",
endpoint,GET /api/v1/organizations/{organization_id}/billing/subscription,[CRITICAL:billing] get_subscription_state [billing.py:237] auth=user_jwt scope=organization,any,"org:OWNER,ADMIN,BILLING",backend/tests/security/test_cross_tenant_sweep.py;backend/tests/security/test_role_matrix.py,smoke,"pass 2026-10-06 (backend suite, Phase 5): 8 passing test(s) drove it; responses 200,401,403,404",
endpoint,GET /api/v1/organizations/{organization_id}/billing/access,[CRITICAL:billing] get_billing_access [billing.py:275] auth=user_jwt scope=organization,any,"org:OWNER,ADMIN,BILLING",backend/tests/security/test_cross_tenant_sweep.py;backend/tests/security/test_role_matrix.py,smoke,"pass 2026-10-06 (backend suite, Phase 5): 8 passing test(s) drove it; responses 200,401,403,404",
endpoint,GET /api/v1/organizations/{organization_id}/billing/access-summary,[CRITICAL:billing] get_billing_access_summary [billing.py:312] auth=user_jwt scope=organization,any,org:any,backend/tests/security/test_cross_tenant_sweep.py;backend/tests/security/test_role_matrix.py,smoke,"pass 2026-10-06 (backend suite, Phase 5): 7 passing test(s) drove it; responses 200,401,404",
endpoint,GET /api/v1/organizations/{organization_id}/invoices,[CRITICAL:billing] list_invoices [billing.py:371] auth=user_jwt scope=organization,any,"org:OWNER,ADMIN,BILLING",backend/tests/security/test_cross_tenant_sweep.py;backend/tests/security/test_role_matrix.py,smoke,"pass 2026-10-06 (backend suite, Phase 5): 8 passing test(s) drove it; responses 200,401,403,404",
endpoint,GET /api/v1/organizations/{organization_id}/invoices/{invoice_id},[CRITICAL:billing] get_invoice [billing.py:393] auth=user_jwt scope=organization,any,"org:OWNER,ADMIN,BILLING",backend/tests/security/test_cross_tenant_sweep.py;backend/tests/security/test_role_matrix.py,smoke,"pass 2026-10-06 (backend suite, Phase 5): 8 passing test(s) drove it; responses 401,403,404",
endpoint,GET /api/v1/organizations/{organization_id}/invoices/{invoice_id}/reproduction,[CRITICAL:billing] reproduce_invoice [billing.py:424] auth=user_jwt scope=organization,any,"org:OWNER,ADMIN,BILLING",backend/tests/security/test_cross_tenant_sweep.py;backend/tests/security/test_role_matrix.py,smoke,"pass 2026-10-06 (backend suite, Phase 5): 8 passing test(s) drove it; responses 401,403,404",
endpoint,POST /api/v1/organizations/{organization_id}/billing/checkout-session,[CRITICAL:billing] create_checkout_session [billing.py:465] auth=user_jwt scope=organization,any,org:OWNER,backend/tests/security/test_cross_tenant_sweep.py;backend/tests/security/test_idor_child_entities.py;backend/tests/security/test_role_matrix.py,smoke,"pass 2026-10-06 (backend suite, Phase 5): 11 passing test(s) drove it; responses 400,401,403,404",
endpoint,POST /api/v1/organizations/{organization_id}/billing/portal-session,[CRITICAL:billing] create_portal_session [billing.py:593] auth=user_jwt scope=organization,any,org:OWNER,backend/tests/security/test_cross_tenant_sweep.py;backend/tests/security/test_idor_child_entities.py;backend/tests/security/test_role_matrix.py,smoke,"pass 2026-10-06 (backend suite, Phase 5): 11 passing test(s) drove it; responses 401,403,404,409",
endpoint,POST /api/v1/organizations/{organization_id}/billing/seats,[CRITICAL:billing] sync_seats [billing.py:665] auth=user_jwt scope=organization,any,org:OWNER,backend/tests/security/test_cross_tenant_sweep.py;backend/tests/security/test_idor_child_entities.py;backend/tests/security/test_role_matrix.py,smoke,"pass 2026-10-06 (backend suite, Phase 5): 11 passing test(s) drove it; responses 200,401,403,404",
endpoint,POST /api/v1/organizations/{organization_id}/billing/promo-quote,[CRITICAL:billing] quote_promo_code [billing.py:707] auth=user_jwt scope=organization,any,"org:OWNER,ADMIN,BILLING",backend/tests/security/test_cross_tenant_sweep.py;backend/tests/security/test_idor_child_entities.py;backend/tests/security/test_role_matrix.py;frontend/e2e/tests/20-organization.spec.ts,deep,"pass (final release, 2026-10-06)",F-061
endpoint,GET /api/v1/organizations/{organization_id}/billing/contract,[CRITICAL:billing] get_billing_contract [billing.py:732] auth=user_jwt scope=organization,any,"org:OWNER,ADMIN,BILLING",backend/tests/security/test_cross_tenant_sweep.py;backend/tests/security/test_role_matrix.py,smoke,"pass 2026-10-06 (backend suite, Phase 5): 8 passing test(s) drove it; responses 200,401,403,404",
endpoint,POST /api/v1/billing/webhooks/stripe,[CRITICAL:billing] receive_stripe_webhook [billing_webhook.py:74] auth=signature scope=none (no existing API test),any,gateway signature,tests/security/test_billing_webhooks.py;backend/tests/engines/test_blocking_io_does_not_freeze_the_api_live.py,deep,"pass (2026-10-10, live uvicorn): blocking step off the event loop, /health under 1 s",F-002;F-013;F-034;F-218
endpoint,POST /api/v1/billing/stripe/webhook,[CRITICAL:billing] receive_stripe_webhook [billing_webhook.py:74] auth=signature scope=none (no existing API test),any,gateway signature,tests/security/test_billing_webhooks.py,deep,"PASS 2026-09-30 (Phase 2): real Stripe and Dodo signatures: valid once, replay, forged, stale, tampered, oversized, mode mismatch, no secret, unknown gateway",F-002;F-013;F-034
endpoint,POST /api/v1/billing/webhooks/{gateway},[CRITICAL:billing] receive_gateway_webhook [billing_webhook_multi.py:95] auth=signature scope=none (no existing API test),any,gateway signature,tests/security/test_billing_webhooks.py;backend/tests/engines/test_blocking_io_does_not_freeze_the_api_live.py,deep,"pass (2026-10-10, live uvicorn): blocking step off the event loop, /health under 1 s",F-002;F-013;F-034;F-218
endpoint,GET /api/v1/organizations/{organization_id}/byok,get_byok_overview [byok.py:263] auth=user_jwt scope=organization,any,"org:OWNER,ADMIN",existing:tests/api/test_byok_endpoints.py;backend/tests/api/test_byok_plan_gate.py,deep,"pass (Phase 5, 2026-10-06)",F-095
endpoint,GET /api/v1/organizations/{organization_id}/byok/providers,list_providers [byok.py:304] auth=user_jwt scope=organization,any,"org:OWNER,ADMIN",existing:tests/api/test_byok_endpoints.py;backend/tests/api/test_byok_plan_gate.py,deep,"pass (Phase 5, 2026-10-06)",F-095
endpoint,GET /api/v1/organizations/{organization_id}/byok/credentials,list_credentials [byok.py:322] auth=user_jwt scope=organization,any,"org:OWNER,ADMIN",existing:tests/api/test_byok_endpoints.py;backend/tests/engines;backend/tests/api/test_byok_plan_gate.py,deep,"pass (Phase 5, 2026-10-06)",F-095
endpoint,PUT /api/v1/organizations/{organization_id}/byok/credentials,upsert_credential [byok.py:341] auth=user_jwt scope=organization,any,org:OWNER,existing:tests/api/test_byok_endpoints.py;backend/tests/engines;backend/tests/api/test_byok_plan_gate.py,deep,"pass (Phase 5, 2026-10-06)",F-095
endpoint,DELETE /api/v1/organizations/{organization_id}/byok/credentials/{provider},delete_credential [byok.py:399] auth=user_jwt scope=organization,any,org:OWNER,existing:tests/api/test_byok_endpoints.py;backend/tests/api/test_byok_plan_gate.py,deep,"pass (Phase 5, 2026-10-06)",F-095
endpoint,POST /api/v1/organizations/{organization_id}/byok/credentials/{provider}/validate,validate_credential [byok.py:438] auth=user_jwt scope=organization,any,org:OWNER,existing:tests/api/test_byok_endpoints.py;backend/tests/api/test_byok_plan_gate.py;backend/tests/api/test_byok_endpoints.py,smoke,"pass (Phase 5, 2026-10-06)",F-095
endpoint,PUT /api/v1/organizations/{organization_id}/byok/credentials/{provider}/fallback,update_fallback_policy [byok.py:498] auth=user_jwt scope=organization,any,org:OWNER,existing:tests/api/test_byok_endpoints.py;backend/tests/api/test_byok_endpoints.py,deep,"pass (Phase 5, 2026-10-06)",F-095
endpoint,GET /api/v1/organizations/{organization_id}/byok/routes,list_routes [byok.py:549] auth=user_jwt scope=organization,any,"org:OWNER,ADMIN",existing:tests/api/test_byok_endpoints.py;backend/tests/api/test_byok_plan_gate.py,deep,"pass (Phase 5, 2026-10-06)",F-095
endpoint,PUT /api/v1/organizations/{organization_id}/byok/routes,upsert_route [byok.py:568] auth=user_jwt scope=organization,any,org:OWNER,existing:tests/api/test_byok_endpoints.py;backend/tests/engines;backend/tests/api/test_byok_plan_gate.py,deep,"pass (Phase 5, 2026-10-06)",F-095
endpoint,DELETE /api/v1/organizations/{organization_id}/byok/routes/{task_type},delete_route [byok.py:619] auth=user_jwt scope=organization,any,org:OWNER,existing:tests/api/test_byok_endpoints.py;backend/tests/engines,deep,"pass (engines, Phase 4)",
endpoint,GET /api/v1/organizations/{organization_id}/byok/savings,get_savings [byok.py:668] auth=user_jwt scope=organization,any,"org:OWNER,ADMIN",existing:tests/api/test_byok_endpoints.py;backend/tests/api/test_byok_plan_gate.py,deep,"pass (Phase 5, 2026-10-06)",F-095
endpoint,GET /api/v1/workspaces/{workspace_id}/case-templates,list_case_templates [cases.py:116] auth=user_jwt scope=workspace (no existing API test),business,ws:VIEWER+,backend/tests/engines,deep,"pass (engines, Phase 4)",F-002
endpoint,POST /api/v1/workspaces/{workspace_id}/case-templates,create_case_template [cases.py:125] auth=user_jwt scope=workspace (no existing API test),business,ws:ADMIN+,backend/tests/engines,deep,"pass (engines, Phase 4)",F-002
endpoint,PUT /api/v1/workspaces/{workspace_id}/case-templates/{template_id},update_case_template [cases.py:139] auth=user_jwt scope=workspace (no existing API test),business,ws:ADMIN+,backend/tests/engines,smoke,"refusal proven (engines, Phase 4)",F-002
endpoint,POST /api/v1/workspaces/{workspace_id}/case-templates/{template_id}/publish,publish_case_template [cases.py:155] auth=user_jwt scope=workspace (no existing API test),business,ws:ADMIN+,backend/tests/engines,deep,"pass (engines, Phase 4)",F-002
endpoint,POST /api/v1/workspaces/{workspace_id}/case-templates/{template_id}/retire,retire_case_template [cases.py:169] auth=user_jwt scope=workspace (no existing API test),business,ws:ADMIN+,backend/tests/engines,smoke,"refusal proven (engines, Phase 4)",F-002
endpoint,GET /api/v1/workspaces/{workspace_id}/cases,list_cases [cases.py:183] auth=user_jwt scope=workspace (no existing API test),business,ws:VIEWER+,backend/tests/engines,deep,"pass (engines, Phase 4)",F-002
endpoint,POST /api/v1/workspaces/{workspace_id}/cases,create_case [cases.py:197] auth=user_jwt scope=workspace (no existing API test),business,ws:CONTRIBUTOR+,backend/tests/engines,deep,"pass (engines, Phase 4)",F-002
endpoint,GET /api/v1/workspaces/{workspace_id}/cases/{case_id},get_case [cases.py:212] auth=user_jwt scope=workspace (no existing API test),business,ws:VIEWER+,backend/tests/engines,smoke,"refusal proven (engines, Phase 4)",F-002
endpoint,POST /api/v1/workspaces/{workspace_id}/cases/{case_id}/documents,add_case_document [cases.py:220] auth=user_jwt scope=workspace (no existing API test),business,ws:CONTRIBUTOR+,backend/tests/engines,deep,"pass (engines, Phase 4)",F-002
endpoint,DELETE /api/v1/workspaces/{workspace_id}/cases/{case_id}/documents/{work_item_id},remove_case_document [cases.py:239] auth=user_jwt scope=workspace (no existing API test),business,ws:CONTRIBUTOR+,backend/tests/security/test_cross_tenant_sweep.py;backend/tests/security/test_plan_gating_server_side.py;backend/tests/security/test_role_matrix.py,smoke,"pass 2026-10-06 (backend suite, Phase 5): 7 passing test(s) drove it; responses 401,402,403,404",F-002
endpoint,POST /api/v1/workspaces/{workspace_id}/cases/{case_id}/evaluate,evaluate_case [cases.py:251] auth=user_jwt scope=workspace (no existing API test),business,ws:CONTRIBUTOR+,backend/tests/engines,deep,"pass (engines, Phase 4)",F-002
endpoint,POST /api/v1/workspaces/{workspace_id}/cases/{case_id}/close,close_case [cases.py:262] auth=user_jwt scope=workspace (no existing API test),business,ws:CONTRIBUTOR+,backend/tests/engines,smoke,"refusal proven (engines, Phase 4)",F-002
endpoint,POST /api/v1/workspaces/{workspace_id}/cases/{case_id}/requests,create_document_request [cases.py:272] auth=user_jwt scope=workspace (no existing API test),business,ws:CONTRIBUTOR+,backend/tests/engines,smoke,"refusal proven (engines, Phase 4)",F-002
endpoint,POST /api/v1/workspaces/{workspace_id}/cases/{case_id}/requests/{request_id}/revoke,revoke_document_request [cases.py:290] auth=user_jwt scope=workspace (no existing API test),business,ws:CONTRIBUTOR+,backend/tests/security/test_cross_tenant_sweep.py;backend/tests/security/test_plan_gating_server_side.py;backend/tests/security/test_role_matrix.py,smoke,"pass 2026-10-06 (backend suite, Phase 5): 7 passing test(s) drove it; responses 401,402,403,404",F-002
endpoint,GET /api/v1/organizations/{organization_id}/compliance,[CRITICAL:data-governance] get_compliance_overview [compliance.py:137] auth=user_jwt scope=organization,any,"org:OWNER,ADMIN",existing:tests/api/test_compliance_endpoints.py;backend/tests/api/test_compliance_endpoints.py;backend/tests/security/test_cross_tenant_sweep.py;backend/tests/security/test_role_matrix.py,smoke,"pass 2026-10-06 (backend suite, Phase 5): 12 passing test(s) drove it; responses 200,401,403,404",
endpoint,GET /api/v1/organizations/{organization_id}/compliance/residency,[CRITICAL:data-governance] get_residency [compliance.py:187] auth=user_jwt scope=organization,any,"org:OWNER,ADMIN",existing:tests/api/test_compliance_endpoints.py;backend/tests/api/test_compliance_endpoints.py;backend/tests/security/test_cross_tenant_sweep.py;backend/tests/security/test_role_matrix.py,smoke,"pass 2026-10-06 (backend suite, Phase 5): 9 passing test(s) drove it; responses 200,401,403,404",
endpoint,PUT /api/v1/organizations/{organization_id}/compliance/residency,[CRITICAL:data-governance] update_residency [compliance.py:200] auth=user_jwt scope=organization,any,org:OWNER,existing:tests/api/test_compliance_endpoints.py;backend/tests/api/test_compliance_endpoints.py;backend/tests/security/test_cross_tenant_sweep.py;backend/tests/security/test_role_matrix.py,smoke,"pass 2026-10-06 (backend suite, Phase 5): 13 passing test(s) drove it; responses 200,401,403,404,409,422",
endpoint,GET /api/v1/organizations/{organization_id}/compliance/retention,[CRITICAL:data-governance] get_retention_policy [compliance.py:252] auth=user_jwt scope=organization,any,"org:OWNER,ADMIN",existing:tests/api/test_compliance_endpoints.py;backend/tests/api/test_compliance_endpoints.py;backend/tests/security/test_cross_tenant_sweep.py;backend/tests/security/test_role_matrix.py,smoke,"pass 2026-10-06 (backend suite, Phase 5): 9 passing test(s) drove it; responses 200,401,403,404",
endpoint,PUT /api/v1/organizations/{organization_id}/compliance/retention,[CRITICAL:data-governance] update_retention_policy [compliance.py:266] auth=user_jwt scope=organization,any,org:OWNER,existing:tests/api/test_compliance_endpoints.py;backend/tests/api/test_compliance_endpoints.py;backend/tests/security/test_cross_tenant_sweep.py;backend/tests/security/test_role_matrix.py,smoke,"pass 2026-10-06 (backend suite, Phase 5): 12 passing test(s) drove it; responses 200,401,403,404,422",
endpoint,GET /api/v1/organizations/{organization_id}/compliance/erasures,[CRITICAL:data-governance] list_erasures [compliance.py:316] auth=user_jwt scope=organization,any,"org:OWNER,ADMIN",existing:tests/api/test_compliance_endpoints.py;backend/tests/api/test_compliance_endpoints.py;backend/tests/security/test_cross_tenant_sweep.py;backend/tests/security/test_role_matrix.py,smoke,"pass 2026-10-06 (backend suite, Phase 5): 10 passing test(s) drove it; responses 200,401,403,404",
endpoint,GET /api/v1/organizations/{organization_id}/compliance/erasures/preview,[CRITICAL:data-governance] preview_erasure [compliance.py:334] auth=user_jwt scope=organization,any,"org:OWNER,ADMIN",existing:tests/api/test_compliance_endpoints.py;backend/tests/api/test_compliance_endpoints.py;backend/tests/security/test_cross_tenant_sweep.py;backend/tests/security/test_injection_sweep.py,smoke,"pass 2026-10-06 (backend suite, Phase 5): 10 passing test(s) drove it; responses 200,401,403,404,422",
endpoint,POST /api/v1/organizations/{organization_id}/compliance/erasures,[CRITICAL:data-governance] create_erasure [compliance.py:365] auth=user_jwt scope=organization,any,org:OWNER,existing:tests/api/test_compliance_endpoints.py;backend/tests/api/test_compliance_endpoints.py;backend/tests/security/test_cross_tenant_sweep.py;backend/tests/security/test_idor_child_entities.py;backend/tests/api/test_legal_hold_enforcement.py;backend/tests/engines/test_document_delete_releases_file_live.py,deep,"pass (live feedback, 2026-10-07): stored files deleted after commit",F-108;F-152
endpoint,GET /api/v1/organizations/{organization_id}/compliance/exports,[CRITICAL:data-governance] list_exports [compliance.py:447] auth=user_jwt scope=organization,any,"org:OWNER,ADMIN",existing:tests/api/test_compliance_endpoints.py;backend/tests/api/test_compliance_endpoints.py;backend/tests/security/test_cross_tenant_sweep.py;backend/tests/security/test_role_matrix.py,smoke,"pass 2026-10-06 (backend suite, Phase 5): 10 passing test(s) drove it; responses 200,401,403,404",
endpoint,POST /api/v1/organizations/{organization_id}/compliance/exports,[CRITICAL:data-governance] create_export [compliance.py:466] auth=user_jwt scope=organization,any,"org:OWNER,ADMIN",existing:tests/api/test_compliance_endpoints.py;backend/tests/security/test_cross_tenant_sweep.py;backend/tests/security/test_idor_child_entities.py;backend/tests/security/test_role_matrix.py;frontend/e2e/tests/20-organization.spec.ts,deep,"pass (final systemic polish, 2026-10-07)",F-138
endpoint,GET /api/v1/organizations/{organization_id}/compliance/exports/{export_id}/download,[CRITICAL:data-governance] download_export [compliance.py:498] auth=user_jwt scope=organization,any,"org:OWNER,ADMIN",existing:tests/api/test_compliance_endpoints.py;backend/tests/api/test_compliance_endpoints.py;backend/tests/security/test_cross_tenant_sweep.py;backend/tests/security/test_idor_child_entities.py;backend/tests/api/test_compliance_export_stream.py,deep,"pass (final systemic polish, 2026-10-07)",F-138
endpoint,GET /api/v1/workspaces/{workspace_id}/corroboration/runs,list_runs [corroboration.py:175] auth=user_jwt scope=workspace (no existing API test),enterprise,ws:VIEWER+,backend/tests/engines,deep,"pass (engines, Phase 4)",F-002
endpoint,POST /api/v1/workspaces/{workspace_id}/corroboration/runs,request_run [corroboration.py:192] auth=user_jwt scope=workspace (no existing API test),enterprise,ws:CONTRIBUTOR+,backend/tests/engines,deep,"pass (engines, Phase 4)",F-002
endpoint,GET /api/v1/workspaces/{workspace_id}/corroboration/runs/{run_id},get_run [corroboration.py:209] auth=user_jwt scope=workspace (no existing API test),enterprise,ws:VIEWER+,backend/tests/engines,deep,"pass (engines, Phase 4)",F-002
endpoint,POST /api/v1/workspaces/{workspace_id}/corroboration/runs/{run_id}/refresh,refresh_run [corroboration.py:217] auth=user_jwt scope=workspace (no existing API test),enterprise,ws:CONTRIBUTOR+,backend/tests/engines,smoke,"refusal proven (engines, Phase 4)",F-002
endpoint,PATCH /api/v1/workspaces/{workspace_id}/corroboration/runs/{run_id}/discrepancies/{discrepancy_id},decide_discrepancy [corroboration.py:233] auth=user_jwt scope=workspace (no existing API test),enterprise,ws:CONTRIBUTOR+,backend/tests/engines,deep,"pass (engines, Phase 4)",F-002
endpoint,POST /api/v1/workspaces/{workspace_id}/corroboration/runs/{run_id}/review,review_run [corroboration.py:255] auth=user_jwt scope=workspace (no existing API test),enterprise,ws:CONTRIBUTOR+,backend/tests/engines,smoke,"refusal proven (engines, Phase 4)",F-002
endpoint,GET /api/v1/workspaces/{workspace_id}/corroboration/runs/{run_id}/export,export_run [corroboration.py:272] auth=user_jwt scope=workspace (no existing API test),enterprise,ws:VIEWER+,backend/tests/engines,deep,"pass (engines, Phase 4)",F-002
endpoint,GET /api/v1/workspaces/{workspace_id}/corroboration/runs/{run_id}/documents/{work_item_id}/pages/{page}/image,page_image [corroboration.py:298] auth=user_jwt scope=workspace (no existing API test),enterprise,ws:VIEWER+,backend/tests/security/test_cross_tenant_sweep.py;backend/tests/security/test_plan_gating_server_side.py;backend/tests/security/test_role_matrix.py,smoke,"pass 2026-10-06 (backend suite, Phase 5): 8 passing test(s) drove it; responses 401,402,404",F-002
endpoint,DELETE /api/v1/workspaces/{workspace_id}/corroboration/runs/{run_id},delete_run [corroboration.py:345] auth=user_jwt scope=workspace (no existing API test),enterprise,ws:CONTRIBUTOR+,backend/tests/engines,smoke,"refusal proven (engines, Phase 4)",F-002
endpoint,GET /api/v1/workspaces/{workspace_id}/corroboration/rules,workspace_rules [corroboration.py:356] auth=user_jwt scope=workspace (no existing API test),enterprise,ws:VIEWER+,backend/tests/engines,deep,"pass (engines, Phase 4)",F-002
endpoint,GET /api/v1/workspaces/{workspace_id}/work-items/{work_item_id}/corroboration,document_runs [corroboration.py:368] auth=user_jwt scope=workspace (no existing API test),enterprise,ws:VIEWER+,backend/tests/engines,smoke,"refusal proven (engines, Phase 4)",F-002
endpoint,GET /api/v1/organizations/{organization_id}/custom-domains,list_custom_domains [custom_domains.py:129] auth=user_jwt scope=organization,any (UNGATED in a developer(addon.custom_domain)-plan module),"org:OWNER,ADMIN",backend/tests/api/test_arch25_endpoints.py;backend/tests/security/test_cross_tenant_sweep.py;backend/tests/security/test_plan_gating_server_side.py,smoke,"pass 2026-10-06 (backend suite, Phase 5): 14 passing test(s) drove it; responses 200,401,403,404",
endpoint,GET /api/v1/organizations/{organization_id}/custom-domains/{domain_id},get_custom_domain [custom_domains.py:144] auth=user_jwt scope=organization,any (UNGATED in a developer(addon.custom_domain)-plan module),"org:OWNER,ADMIN",backend/tests/api/test_arch25_endpoints.py;backend/tests/security/test_cross_tenant_sweep.py;backend/tests/security/test_plan_gating_server_side.py,smoke,"pass 2026-10-06 (backend suite, Phase 5): 11 passing test(s) drove it; responses 200,401,403,404",
endpoint,POST /api/v1/organizations/{organization_id}/custom-domains,claim_custom_domain [custom_domains.py:168] auth=user_jwt scope=organization,developer(addon.custom_domain),org:OWNER,backend/tests/api/test_arch25_endpoints.py;backend/tests/security/test_cross_tenant_sweep.py;backend/tests/security/test_plan_gating_server_side.py,smoke,"pass 2026-10-06 (backend suite, Phase 5): 32 passing test(s) drove it; responses 201,401,402,403,404,409,422",
endpoint,POST /api/v1/organizations/{organization_id}/custom-domains/{domain_id}/verify,verify_custom_domain [custom_domains.py:198] auth=user_jwt scope=organization,developer(addon.custom_domain),org:OWNER,backend/tests/api/test_arch25_endpoints.py;backend/tests/security/test_cross_tenant_sweep.py;backend/tests/security/test_plan_gating_server_side.py,smoke,"pass 2026-10-06 (backend suite, Phase 5): 17 passing test(s) drove it; responses 200,401,402,403,404,409",
endpoint,POST /api/v1/organizations/{organization_id}/custom-domains/{domain_id}/challenge,reissue_challenge [custom_domains.py:243] auth=user_jwt scope=organization,developer(addon.custom_domain),org:OWNER,backend/tests/api/test_arch25_endpoints.py;backend/tests/security/test_cross_tenant_sweep.py;backend/tests/security/test_plan_gating_server_side.py,smoke,"pass 2026-10-06 (backend suite, Phase 5): 10 passing test(s) drove it; responses 200,401,402,403,404",
endpoint,PUT /api/v1/organizations/{organization_id}/custom-domains/{domain_id}/primary,set_primary_domain [custom_domains.py:273] auth=user_jwt scope=organization,developer(addon.custom_domain),org:OWNER,backend/tests/security/test_cross_tenant_sweep.py;backend/tests/security/test_plan_gating_server_side.py;backend/tests/security/test_role_matrix.py,smoke,"pass 2026-10-06 (backend suite, Phase 5): 9 passing test(s) drove it; responses 401,402,403,404",
endpoint,POST /api/v1/organizations/{organization_id}/custom-domains/{domain_id}/certificate,request_certificate [custom_domains.py:307] auth=user_jwt scope=organization,developer(addon.custom_domain),org:OWNER,backend/tests/api/test_arch25_endpoints.py;backend/tests/security/test_cross_tenant_sweep.py;backend/tests/security/test_plan_gating_server_side.py,smoke,"pass 2026-10-06 (backend suite, Phase 5): 12 passing test(s) drove it; responses 200,401,402,403,404,409",
endpoint,DELETE /api/v1/organizations/{organization_id}/custom-domains/{domain_id}/certificate,revoke_domain [custom_domains.py:359] auth=user_jwt scope=organization,any (UNGATED in a developer(addon.custom_domain)-plan module),org:OWNER,backend/tests/api/test_arch25_endpoints.py;backend/tests/security/test_cross_tenant_sweep.py;backend/tests/security/test_plan_gating_server_side.py,smoke,"pass 2026-10-06 (backend suite, Phase 5): 10 passing test(s) drove it; responses 200,401,403,404",
endpoint,DELETE /api/v1/organizations/{organization_id}/custom-domains/{domain_id},release_custom_domain [custom_domains.py:391] auth=user_jwt scope=organization,any (UNGATED in a developer(addon.custom_domain)-plan module),org:OWNER,backend/tests/api/test_arch25_endpoints.py;backend/tests/security/test_cross_tenant_sweep.py;backend/tests/security/test_plan_gating_server_side.py,smoke,"pass 2026-10-06 (backend suite, Phase 5): 11 passing test(s) drove it; responses 204,401,403,404,409",
endpoint,GET /api/v1/workspaces/{workspace_id}/dashboard/overview,dashboard_overview [dashboard.py:19] auth=user_jwt scope=workspace,any,ws:VIEWER+,backend/tests/engines;backend/tests/api/test_dashboard_overview.py,deep,"pass (Phase 1, 2026-10-08): no rate until finished, classifier distribution",F-161
endpoint,GET /api/v1/organizations/{organization_id}/developer,[CRITICAL:api-keys-webhooks] get_overview [developer.py:124] auth=user_jwt scope=organization,any (UNGATED in a developer-plan module),"org:OWNER,ADMIN",backend/tests/api/test_public_api_endpoints.py;backend/tests/security/test_cross_tenant_sweep.py;backend/tests/security/test_plan_gating_server_side.py,smoke,"pass 2026-10-06 (backend suite, Phase 5): 15 passing test(s) drove it; responses 200,401,403,404",F-004
endpoint,GET /api/v1/organizations/{organization_id}/developer/tiers,[CRITICAL:api-keys-webhooks] get_tiers [developer.py:147] auth=user_jwt scope=organization,any (UNGATED in a developer-plan module),"org:OWNER,ADMIN",backend/tests/security/test_cross_tenant_sweep.py;backend/tests/security/test_plan_gating_server_side.py;backend/tests/security/test_role_matrix.py,smoke,"pass 2026-10-06 (backend suite, Phase 5): 10 passing test(s) drove it; responses 200,401,403,404",F-004
endpoint,GET /api/v1/organizations/{organization_id}/developer/keys/{key_id}/metrics,[CRITICAL:api-keys-webhooks] get_key_metrics [developer.py:165] auth=user_jwt scope=organization,any (UNGATED in a developer-plan module),"org:OWNER,ADMIN",backend/tests/api/test_public_api_endpoints.py;backend/tests/security/test_cross_tenant_sweep.py;backend/tests/security/test_plan_gating_server_side.py,smoke,"pass 2026-10-06 (backend suite, Phase 5): 11 passing test(s) drove it; responses 200,401,403,404",F-004
endpoint,GET /api/v1/organizations/{organization_id}/developer/explorer,[CRITICAL:api-keys-webhooks] get_explorer [developer.py:209] auth=user_jwt scope=organization,any (UNGATED in a developer-plan module),"org:OWNER,ADMIN",backend/tests/api/test_public_api_endpoints.py;backend/tests/security/test_cross_tenant_sweep.py;backend/tests/security/test_injection_sweep.py,smoke,"pass 2026-10-06 (backend suite, Phase 5): 12 passing test(s) drove it; responses 200,401,403,404,422",F-004
endpoint,POST /api/v1/organizations/{organization_id}/developer/keys,[CRITICAL:api-keys-webhooks] issue_key [developer.py:301] auth=user_jwt scope=organization,any (UNGATED in a developer-plan module),"org:OWNER,ADMIN",backend/tests/engines,deep,"pass (engines, Phase 4)",F-004
endpoint,PATCH /api/v1/organizations/{organization_id}/developer/keys/{key_id}/tier,[CRITICAL:api-keys-webhooks] update_key_tier [developer.py:372] auth=user_jwt scope=organization,any (UNGATED in a developer-plan module),"org:OWNER,ADMIN",backend/tests/api/test_public_api_endpoints.py;backend/tests/security/test_cross_tenant_sweep.py;backend/tests/security/test_plan_gating_server_side.py,smoke,"pass 2026-10-06 (backend suite, Phase 5): 11 passing test(s) drove it; responses 401,402,403,404,409,422",F-004
endpoint,GET /api/v1/workspaces/{workspace_id}/document-settings/,get_document_processing_settings [document_settings.py:20] auth=user_jwt scope=workspace,any,ws:CONTRIBUTOR+,backend/tests/engines,deep,"pass (engines, Phase 4)",
endpoint,PUT /api/v1/workspaces/{workspace_id}/document-settings/,update_document_processing_settings [document_settings.py:44] auth=user_jwt scope=workspace,any,ws:ADMIN+,backend/tests/engines,deep,"pass (engines, Phase 4)",
endpoint,GET /api/v1/organizations/{organization_id}/egress,get_egress_policy [egress.py:41] auth=user_jwt scope=organization (no existing API test),enterprise,"org:OWNER,ADMIN",backend/tests/security/test_cross_tenant_sweep.py;backend/tests/security/test_plan_gating_server_side.py;backend/tests/security/test_role_matrix.py,smoke,"pass 2026-10-06 (backend suite, Phase 5): 10 passing test(s) drove it; responses 200,401,402,403,404",F-002
endpoint,PUT /api/v1/organizations/{organization_id}/egress,set_egress_lockdown [egress.py:48] auth=user_jwt scope=organization (no existing API test),enterprise,org:OWNER,backend/tests/security/test_cross_tenant_sweep.py;backend/tests/security/test_plan_gating_server_side.py;backend/tests/security/test_role_matrix.py,smoke,"pass 2026-10-06 (backend suite, Phase 5): 9 passing test(s) drove it; responses 200,401,402,403,404",F-002
endpoint,POST /api/v1/organizations/{organization_id}/egress/rules,add_egress_rule [egress.py:59] auth=user_jwt scope=organization (no existing API test),enterprise,org:OWNER,backend/tests/security/test_cross_tenant_sweep.py;backend/tests/security/test_idor_child_entities.py;backend/tests/security/test_plan_gating_server_side.py,smoke,"pass 2026-10-06 (backend suite, Phase 5): 13 passing test(s) drove it; responses 201,401,402,403,404",F-002
endpoint,DELETE /api/v1/organizations/{organization_id}/egress/rules/{rule_id},delete_egress_rule [egress.py:71] auth=user_jwt scope=organization (no existing API test),enterprise,org:OWNER,backend/tests/security/test_cross_tenant_sweep.py;backend/tests/security/test_idor_child_entities.py;backend/tests/security/test_plan_gating_server_side.py,smoke,"pass 2026-10-06 (backend suite, Phase 5): 11 passing test(s) drove it; responses 401,402,403,404",F-002
endpoint,GET /api/v1/organizations/{organization_id}/egress/refusals,list_egress_refusals [egress.py:80] auth=user_jwt scope=organization (no existing API test),enterprise,"org:OWNER,ADMIN",backend/tests/security/test_cross_tenant_sweep.py;backend/tests/security/test_plan_gating_server_side.py;backend/tests/security/test_role_matrix.py,smoke,"pass 2026-10-06 (backend suite, Phase 5): 10 passing test(s) drove it; responses 200,401,402,403,404",F-002
endpoint,POST /api/v1/organizations/{organization_id}/egress/test,test_egress_destination [egress.py:89] auth=user_jwt scope=organization (no existing API test),enterprise,"org:OWNER,ADMIN",backend/tests/security/test_cross_tenant_sweep.py;backend/tests/security/test_idor_child_entities.py;backend/tests/security/test_plan_gating_server_side.py,smoke,"pass 2026-10-06 (backend suite, Phase 5): 12 passing test(s) drove it; responses 200,401,402,403,404",F-002
endpoint,POST /api/v1/me/email-change/request,[CRITICAL:auth] request_email_change [email_change.py:56] auth=user_jwt scope=user,any,any authenticated user,existing:tests/api/test_email_change.py;backend/tests/engines,deep,"pass (engines, Phase 4)",
endpoint,GET /api/v1/me/email-change/request,[CRITICAL:auth] get_pending_email_change [email_change.py:94] auth=user_jwt scope=user,any,any authenticated user,existing:tests/api/test_email_change.py;backend/tests/api/test_arch0g_endpoints.py,smoke,"pass 2026-10-06 (backend suite, Phase 5): 6 passing test(s) drove it; responses 200,404",
endpoint,DELETE /api/v1/me/email-change/request,[CRITICAL:auth] cancel_email_change [email_change.py:120] auth=user_jwt scope=user,any,any authenticated user,existing:tests/api/test_email_change.py;backend/tests/api/test_arch0g_endpoints.py;backend/tests/api/test_email_change.py,smoke,"pass 2026-10-06 (backend suite, Phase 5): 4 passing test(s) drove it; responses 204,401,404",
endpoint,POST /api/v1/auth/email-change/confirm,[CRITICAL:auth] confirm_email_change [email_change.py:139] auth=public scope=none,any,anonymous,existing:tests/api/test_email_change.py;backend/tests/engines,deep,"pass (engines, Phase 4)",
endpoint,GET /api/v1/workspaces/{workspace_id}/email-settings,get_email_settings [email_settings.py:82] auth=user_jwt scope=workspace,any (UNGATED in a business-plan module),ws:CONTRIBUTOR+,backend/tests/engines;backend/tests/api/test_not_configured_is_not_an_error.py,deep,"pass (Phase 5, 2026-10-06)",F-058
endpoint,PUT /api/v1/workspaces/{workspace_id}/email-settings,upsert_email_settings [email_settings.py:100] auth=user_jwt scope=workspace,business,ws:ADMIN+,backend/tests/security/test_cross_tenant_sweep.py;backend/tests/security/test_plan_gating_server_side.py;backend/tests/security/test_role_matrix.py,smoke,"pass 2026-10-06 (backend suite, Phase 5): 8 passing test(s) drove it; responses 200,401,402,403,404",
endpoint,GET /api/v1/workspaces/{workspace_id}/email-settings/resolution,get_email_resolution [email_settings.py:161] auth=user_jwt scope=workspace,any (UNGATED in a business-plan module),ws:CONTRIBUTOR+,backend/tests/engines,deep,"pass (engines, Phase 4)",
endpoint,POST /api/v1/workspaces/{workspace_id}/email-settings/test,test_email_settings [email_settings.py:206] auth=user_jwt scope=workspace,any (UNGATED in a business-plan module),ws:ADMIN+,backend/tests/security/test_cross_tenant_sweep.py;backend/tests/security/test_idor_child_entities.py;backend/tests/security/test_plan_gating_server_side.py,smoke,"pass 2026-10-06 (backend suite, Phase 5): 12 passing test(s) drove it; responses 200,401,403,404",
endpoint,GET /api/v1/workspaces/{workspace_id}/entities/potential,potential [entities.py:163] auth=user_jwt scope=workspace (no existing API test),any (UNGATED in a business-plan module),ws:VIEWER+,backend/tests/engines,deep,"pass (engines, Phase 4)",F-002
endpoint,GET /api/v1/workspaces/{workspace_id}/entities/summary,summary [entities.py:176] auth=user_jwt scope=workspace (no existing API test),business,ws:VIEWER+,backend/tests/engines,deep,"pass (engines, Phase 4)",F-002
endpoint,GET /api/v1/workspaces/{workspace_id}/entities,list_entities [entities.py:205] auth=user_jwt scope=workspace (no existing API test),business,ws:VIEWER+,backend/tests/engines;backend/tests/engines/test_search_wildcards_live.py,deep,"pass (Phase 1, 2026-10-08): search is literal",F-002;F-156
endpoint,GET /api/v1/workspaces/{workspace_id}/entities/merge-candidates,merge_candidates [entities.py:240] auth=user_jwt scope=workspace (no existing API test),business,ws:VIEWER+,backend/tests/engines,deep,"pass (engines, Phase 4)",F-002
endpoint,GET /api/v1/workspaces/{workspace_id}/entities/{entity_id},entity_360 [entities.py:253] auth=user_jwt scope=workspace (no existing API test),business,ws:VIEWER+,backend/tests/engines,deep,"pass (engines, Phase 4)",F-002
endpoint,GET /api/v1/workspaces/{workspace_id}/entities/{entity_id}/graph,entity_graph [entities.py:318] auth=user_jwt scope=workspace (no existing API test),business,ws:VIEWER+,backend/tests/engines,deep,"pass (engines, Phase 4)",F-002
endpoint,PATCH /api/v1/workspaces/{workspace_id}/entities/{entity_id},rename_entity [entities.py:355] auth=user_jwt scope=workspace (no existing API test),business,ws:CONTRIBUTOR+,backend/tests/engines,smoke,"refusal proven (engines, Phase 4)",F-002
endpoint,POST /api/v1/workspaces/{workspace_id}/entities/{entity_id}/merge,merge_entity [entities.py:369] auth=user_jwt scope=workspace (no existing API test),business,ws:CONTRIBUTOR+,backend/tests/engines,deep,"pass (engines, Phase 4)",F-002
endpoint,POST /api/v1/workspaces/{workspace_id}/entities/{entity_id}/unmerge,unmerge_entity [entities.py:394] auth=user_jwt scope=workspace (no existing API test),business,ws:CONTRIBUTOR+,backend/tests/engines,deep,"pass (engines, Phase 4)",F-002
endpoint,POST /api/v1/workspaces/{workspace_id}/entities/{entity_id}/split,split_entity [entities.py:410] auth=user_jwt scope=workspace (no existing API test),business,ws:CONTRIBUTOR+,backend/tests/engines,smoke,"refusal proven (engines, Phase 4)",F-002
endpoint,DELETE /api/v1/workspaces/{workspace_id}/entities/{entity_id},erase_entity [entities.py:424] auth=user_jwt scope=workspace (no existing API test),business,ws:ADMIN+,backend/tests/engines,smoke,"refusal proven (engines, Phase 4)",F-002
endpoint,GET /api/v1/workspaces/{workspace_id}/work-items/{work_item_id}/entities,work_item_entities [entities.py:442] auth=user_jwt scope=workspace (no existing API test),business,ws:VIEWER+,backend/tests/engines,deep,"pass (engines, Phase 4)",F-002
endpoint,POST /api/v1/workspaces/{workspace_id}/work-items/{work_item_id}/entities/resolve,resolve_work_item [entities.py:458] auth=user_jwt scope=workspace (no existing API test),business,ws:CONTRIBUTOR+,backend/tests/engines,smoke,"refusal proven (engines, Phase 4)",F-002
endpoint,GET /api/v1/organizations/{organization_id}/entitlements,[CRITICAL:billing] get_entitlements [entitlements.py:60] auth=user_jwt scope=organization,any (add-on purchase),"org:OWNER,ADMIN,BILLING,MEMBER",backend/tests/security/test_cross_tenant_sweep.py;backend/tests/security/test_role_matrix.py,smoke,"pass 2026-10-06 (backend suite, Phase 5): 7 passing test(s) drove it; responses 200,401,404",
endpoint,POST /api/v1/organizations/{organization_id}/billing/addons/{addon_key}/checkout-session,[CRITICAL:billing] create_addon_checkout_session [entitlements.py:112] auth=user_jwt scope=organization,any,org:OWNER,backend/tests/security/test_cross_tenant_sweep.py;backend/tests/security/test_role_matrix.py,smoke,"pass 2026-10-06 (backend suite, Phase 5): 7 passing test(s) drove it; responses 401,403,404",
endpoint,GET /api/v1/workspaces/{workspace_id}/erp/catalog,erp_catalog [erp.py:180] auth=user_jwt scope=workspace (no existing API test),business,ws:VIEWER+,backend/tests/engines,deep,"pass (engines, Phase 4)",F-002
endpoint,GET /api/v1/workspaces/{workspace_id}/erp/targets,list_targets [erp.py:210] auth=user_jwt scope=workspace (no existing API test),business,ws:VIEWER+,backend/tests/engines,deep,"pass (engines, Phase 4)",F-002
endpoint,POST /api/v1/workspaces/{workspace_id}/erp/targets,create_target [erp.py:219] auth=user_jwt scope=workspace (no existing API test),business,ws:ADMIN+,backend/tests/engines,deep,"pass (engines, Phase 4)",F-002
endpoint,GET /api/v1/workspaces/{workspace_id}/erp/targets/{target_id},get_target [erp.py:246] auth=user_jwt scope=workspace (no existing API test),business,ws:VIEWER+,backend/tests/engines,smoke,"refusal proven (engines, Phase 4)",F-002
endpoint,PATCH /api/v1/workspaces/{workspace_id}/erp/targets/{target_id},update_target [erp.py:254] auth=user_jwt scope=workspace (no existing API test),business,ws:ADMIN+,backend/tests/engines,smoke,"refusal proven (engines, Phase 4)",F-002
endpoint,DELETE /api/v1/workspaces/{workspace_id}/erp/targets/{target_id},delete_target [erp.py:269] auth=user_jwt scope=workspace (no existing API test),business,ws:ADMIN+,backend/tests/engines,smoke,"refusal proven (engines, Phase 4)",F-002
endpoint,PUT /api/v1/workspaces/{workspace_id}/erp/targets/{target_id}/credential,set_credential [erp.py:283] auth=user_jwt scope=workspace (no existing API test),business,ws:ADMIN+,backend/tests/engines,smoke,"refusal proven (engines, Phase 4)",F-002
endpoint,POST /api/v1/workspaces/{workspace_id}/erp/targets/{target_id}/test,test_target [erp.py:297] auth=user_jwt scope=workspace (no existing API test),business,ws:ADMIN+,backend/tests/engines,smoke,"refusal proven (engines, Phase 4)",F-002
endpoint,GET /api/v1/workspaces/{workspace_id}/erp/targets/{target_id}/mappings/{object_kind},get_mappings [erp.py:313] auth=user_jwt scope=workspace (no existing API test),business,ws:VIEWER+,backend/tests/security/test_cross_tenant_sweep.py;backend/tests/security/test_plan_gating_server_side.py;backend/tests/security/test_role_matrix.py,smoke,"pass 2026-10-06 (backend suite, Phase 5): 8 passing test(s) drove it; responses 401,402,404",F-002
endpoint,PUT /api/v1/workspaces/{workspace_id}/erp/targets/{target_id}/mappings/{object_kind},save_mapping [erp.py:329] auth=user_jwt scope=workspace (no existing API test),business,ws:ADMIN+,backend/tests/security/test_cross_tenant_sweep.py;backend/tests/security/test_plan_gating_server_side.py;backend/tests/security/test_role_matrix.py,smoke,"pass 2026-10-06 (backend suite, Phase 5): 8 passing test(s) drove it; responses 401,402,403,404",F-002
endpoint,POST /api/v1/workspaces/{workspace_id}/erp/targets/{target_id}/mappings/{object_kind}/validate,validate_mapping [erp.py:346] auth=user_jwt scope=workspace (no existing API test),business,ws:ADMIN+,backend/tests/security/test_cross_tenant_sweep.py;backend/tests/security/test_plan_gating_server_side.py;backend/tests/security/test_role_matrix.py,smoke,"pass 2026-10-06 (backend suite, Phase 5): 8 passing test(s) drove it; responses 401,402,403,404",F-002
endpoint,POST /api/v1/workspaces/{workspace_id}/erp/targets/{target_id}/mappings/{object_kind}/default,restore_default_mapping [erp.py:361] auth=user_jwt scope=workspace (no existing API test),business,ws:ADMIN+,backend/tests/security/test_cross_tenant_sweep.py;backend/tests/security/test_plan_gating_server_side.py;backend/tests/security/test_role_matrix.py,smoke,"pass 2026-10-06 (backend suite, Phase 5): 8 passing test(s) drove it; responses 401,402,403,404",F-002
endpoint,GET /api/v1/workspaces/{workspace_id}/erp/lookups,list_lookups [erp.py:390] auth=user_jwt scope=workspace (no existing API test),business,ws:VIEWER+,backend/tests/engines,deep,"pass (engines, Phase 4)",F-002
endpoint,POST /api/v1/workspaces/{workspace_id}/erp/lookups,create_lookup [erp.py:400] auth=user_jwt scope=workspace (no existing API test),business,ws:ADMIN+,backend/tests/security/test_cross_tenant_sweep.py;backend/tests/security/test_idor_child_entities.py;backend/tests/security/test_plan_gating_server_side.py,smoke,"pass 2026-10-06 (backend suite, Phase 5): 12 passing test(s) drove it; responses 201,401,402,403,404",F-002
endpoint,PATCH /api/v1/workspaces/{workspace_id}/erp/lookups/{table_id},update_lookup [erp.py:415] auth=user_jwt scope=workspace (no existing API test),business,ws:ADMIN+,backend/tests/engines,deep,"pass (engines, Phase 4)",F-002
endpoint,DELETE /api/v1/workspaces/{workspace_id}/erp/lookups/{table_id},delete_lookup [erp.py:430] auth=user_jwt scope=workspace (no existing API test),business,ws:ADMIN+,backend/tests/engines,smoke,"refusal proven (engines, Phase 4)",F-002
endpoint,GET /api/v1/workspaces/{workspace_id}/erp/outcomes,list_outcomes [erp.py:449] auth=user_jwt scope=workspace (no existing API test),business,ws:VIEWER+,backend/tests/engines,deep,"pass (engines, Phase 4)",F-002
endpoint,GET /api/v1/workspaces/{workspace_id}/erp/postings,list_postings [erp.py:457] auth=user_jwt scope=workspace (no existing API test),business,ws:VIEWER+,backend/tests/engines,deep,"pass (engines, Phase 4)",F-002
endpoint,POST /api/v1/workspaces/{workspace_id}/erp/postings,create_postings [erp.py:493] auth=user_jwt scope=workspace (no existing API test),business,ws:CONTRIBUTOR+,backend/tests/engines,deep,"pass (engines, Phase 4)",F-002
endpoint,POST /api/v1/workspaces/{workspace_id}/erp/postings/preview,preview_posting [erp.py:516] auth=user_jwt scope=workspace (no existing API test),business,ws:CONTRIBUTOR+,backend/tests/engines,deep,"pass (engines, Phase 4)",F-002
endpoint,GET /api/v1/workspaces/{workspace_id}/erp/postings/{posting_id},get_posting [erp.py:552] auth=user_jwt scope=workspace (no existing API test),business,ws:VIEWER+,backend/tests/engines,deep,"pass (engines, Phase 4)",F-002
endpoint,GET /api/v1/workspaces/{workspace_id}/erp/postings/{posting_id}/file,download_posting [erp.py:588] auth=user_jwt scope=workspace (no existing API test),business,ws:CONTRIBUTOR+,backend/tests/engines,deep,"pass (engines, Phase 4)",F-002
endpoint,POST /api/v1/workspaces/{workspace_id}/erp/postings/{posting_id}/retry,retry_posting [erp.py:621] auth=user_jwt scope=workspace (no existing API test),business,ws:CONTRIBUTOR+,backend/tests/engines,smoke,"refusal proven (engines, Phase 4)",F-002
endpoint,POST /api/v1/workspaces/{workspace_id}/erp/postings/{posting_id}/accept,accept_posting [erp.py:629] auth=user_jwt scope=workspace (no existing API test),business,ws:CONTRIBUTOR+,backend/tests/engines,smoke,"refusal proven (engines, Phase 4)",F-002
endpoint,POST /api/v1/workspaces/{workspace_id}/erp/postings/{posting_id}/cancel,cancel_posting [erp.py:637] auth=user_jwt scope=workspace (no existing API test),business,ws:CONTRIBUTOR+,backend/tests/engines,smoke,"refusal proven (engines, Phase 4)",F-002
endpoint,POST /api/v1/workspaces/{workspace_id}/erp/postings/{posting_id}/acknowledge,acknowledge_posting [erp.py:645] auth=user_jwt scope=workspace (no existing API test),business,ws:CONTRIBUTOR+,backend/tests/engines,smoke,"refusal proven (engines, Phase 4)",F-002
endpoint,GET /api/v1/workspaces/{workspace_id}/work-items/{work_item_id}/postings,document_postings [erp.py:662] auth=user_jwt scope=workspace (no existing API test),business,ws:VIEWER+,backend/tests/engines,smoke,"refusal proven (engines, Phase 4)",F-002
endpoint,GET /api/v1/workspaces/{workspace_id}/extraction-memory/potential,potential [extraction_memory.py:113] auth=user_jwt scope=workspace (no existing API test),any (UNGATED in a business-plan module),ws:VIEWER+,backend/tests/engines,deep,"pass (engines, Phase 4)",F-002
endpoint,GET /api/v1/workspaces/{workspace_id}/extraction-memory/summary,summary [extraction_memory.py:129] auth=user_jwt scope=workspace (no existing API test),business,ws:VIEWER+,backend/tests/engines,deep,"pass (engines, Phase 4)",F-002
endpoint,GET /api/v1/workspaces/{workspace_id}/extraction-memory/settings,get_settings [extraction_memory.py:159] auth=user_jwt scope=workspace (no existing API test),business,ws:VIEWER+,backend/tests/engines,deep,"pass (engines, Phase 4)",F-002
endpoint,PUT /api/v1/workspaces/{workspace_id}/extraction-memory/settings,put_settings [extraction_memory.py:169] auth=user_jwt scope=workspace (no existing API test),business,ws:ADMIN+,backend/tests/engines,deep,"pass (engines, Phase 4)",F-002
endpoint,GET /api/v1/workspaces/{workspace_id}/extraction-memory/templates,list_templates [extraction_memory.py:193] auth=user_jwt scope=workspace (no existing API test),business,ws:VIEWER+,backend/tests/engines,deep,"pass (engines, Phase 4)",F-002
endpoint,PATCH /api/v1/workspaces/{workspace_id}/extraction-memory/templates/{template_id},act_on_template [extraction_memory.py:234] auth=user_jwt scope=workspace (no existing API test),business,ws:ADMIN+,backend/tests/engines,smoke,"refusal proven (engines, Phase 4)",F-002
endpoint,GET /api/v1/workspaces/{workspace_id}/extraction-memory/rules,list_rules [extraction_memory.py:259] auth=user_jwt scope=workspace (no existing API test),business,ws:VIEWER+,backend/tests/engines,deep,"pass (engines, Phase 4)",F-002
endpoint,PATCH /api/v1/workspaces/{workspace_id}/extraction-memory/rules/{rule_id},act_on_rule [extraction_memory.py:276] auth=user_jwt scope=workspace (no existing API test),business,ws:ADMIN+,backend/tests/engines,smoke,"refusal proven (engines, Phase 4)",F-002
endpoint,GET /api/v1/workspaces/{workspace_id}/extraction-memory/trials,list_trials [extraction_memory.py:303] auth=user_jwt scope=workspace (no existing API test),business,ws:VIEWER+,backend/tests/engines,deep,"pass (engines, Phase 4)",F-002
endpoint,GET /api/v1/workspaces/{workspace_id}/work-items/{work_item_id}/extraction-memory,work_item_memory [extraction_memory.py:327] auth=user_jwt scope=workspace (no existing API test),business,ws:VIEWER+,backend/tests/engines,deep,"pass (engines, Phase 4)",F-002
endpoint,GET /api/v1/health,get_health [health.py:15] auth=public scope=none,any,anonymous,backend/tests/api/test_arch25_endpoints.py;backend/tests/api/test_arch28_ga_endpoints.py;backend/tests/api/test_health_readiness.py,smoke,"pass 2026-10-06 (backend suite, Phase 5): 5 passing test(s) drove it; responses 200",
endpoint,GET /api/v1/organizations/{organization_id}/identity/domains,[CRITICAL:auth] list_domains [identity_admin.py:57] auth=user_jwt scope=organization,any (UNGATED in a enterprise-plan module),"org:OWNER,ADMIN",backend/tests/security/test_cross_tenant_sweep.py;backend/tests/security/test_plan_gating_server_side.py;backend/tests/security/test_role_matrix.py,smoke,"pass 2026-10-06 (backend suite, Phase 5): 10 passing test(s) drove it; responses 200,401,403,404",
endpoint,POST /api/v1/organizations/{organization_id}/identity/domains,[CRITICAL:auth] claim_domain [identity_admin.py:78] auth=user_jwt scope=organization,enterprise,org:OWNER,backend/tests/security/test_cross_tenant_sweep.py;backend/tests/security/test_idor_child_entities.py;backend/tests/security/test_plan_gating_server_side.py,smoke,"pass 2026-10-06 (backend suite, Phase 5): 13 passing test(s) drove it; responses 401,402,403,404,422",
endpoint,POST /api/v1/organizations/{organization_id}/identity/domains/{domain_id}/verify,[CRITICAL:auth] verify_domain [identity_admin.py:102] auth=user_jwt scope=organization,any (UNGATED in a enterprise-plan module),org:OWNER,backend/tests/security/test_cross_tenant_sweep.py;backend/tests/security/test_plan_gating_server_side.py;backend/tests/security/test_role_matrix.py,smoke,"pass 2026-10-06 (backend suite, Phase 5): 10 passing test(s) drove it; responses 401,402,403,404",F-004
endpoint,POST /api/v1/organizations/{organization_id}/identity/domains/{domain_id}/bind-sso,[CRITICAL:auth] bind_sso [identity_admin.py:119] auth=user_jwt scope=organization,enterprise,org:OWNER,backend/tests/security/test_cross_tenant_sweep.py;backend/tests/security/test_plan_gating_server_side.py;backend/tests/security/test_role_matrix.py,smoke,"pass 2026-10-06 (backend suite, Phase 5): 9 passing test(s) drove it; responses 401,402,403,404",
endpoint,GET /api/v1/organizations/{organization_id}/identity/idp-configs,[CRITICAL:auth] list_configs [identity_admin.py:138] auth=user_jwt scope=organization,any (UNGATED in a enterprise-plan module),"org:OWNER,ADMIN",backend/tests/security/test_cross_tenant_sweep.py;backend/tests/security/test_plan_gating_server_side.py;backend/tests/security/test_role_matrix.py,smoke,"pass 2026-10-06 (backend suite, Phase 5): 10 passing test(s) drove it; responses 200,401,403,404",
endpoint,POST /api/v1/organizations/{organization_id}/identity/idp-configs,[CRITICAL:auth] create_config [identity_admin.py:161] auth=user_jwt scope=organization,enterprise,org:OWNER,backend/tests/security/test_cross_tenant_sweep.py;backend/tests/security/test_idor_child_entities.py;backend/tests/security/test_plan_gating_server_side.py,smoke,"pass 2026-10-06 (backend suite, Phase 5): 13 passing test(s) drove it; responses 401,402,403,404",
endpoint,POST /api/v1/organizations/{organization_id}/identity/idp-configs/{config_id}/certificates,[CRITICAL:auth] add_certificate [identity_admin.py:249] auth=user_jwt scope=organization,enterprise,org:OWNER,backend/tests/security/test_cross_tenant_sweep.py;backend/tests/security/test_plan_gating_server_side.py;backend/tests/security/test_role_matrix.py,smoke,"pass 2026-10-06 (backend suite, Phase 5): 9 passing test(s) drove it; responses 401,402,403,404",
endpoint,POST /api/v1/organizations/{organization_id}/identity/idp-configs/{config_id}/role-mappings,[CRITICAL:auth] add_role_mapping [identity_admin.py:292] auth=user_jwt scope=organization,enterprise,org:OWNER,backend/tests/security/test_cross_tenant_sweep.py;backend/tests/security/test_plan_gating_server_side.py;backend/tests/security/test_role_matrix.py,smoke,"pass 2026-10-06 (backend suite, Phase 5): 9 passing test(s) drove it; responses 401,402,403,404",
endpoint,POST /api/v1/organizations/{organization_id}/identity/idp-configs/{config_id}/dry-run,[CRITICAL:auth] dry_run_mapping [identity_admin.py:322] auth=user_jwt scope=organization,enterprise,"org:OWNER,ADMIN",backend/tests/security/test_cross_tenant_sweep.py;backend/tests/security/test_plan_gating_server_side.py;backend/tests/security/test_role_matrix.py,smoke,"pass 2026-10-06 (backend suite, Phase 5): 8 passing test(s) drove it; responses 401,402,403,404",
endpoint,POST /api/v1/organizations/{organization_id}/identity/idp-configs/{config_id}/activate,[CRITICAL:auth] activate [identity_admin.py:343] auth=user_jwt scope=organization,enterprise,org:OWNER,backend/tests/security/test_cross_tenant_sweep.py;backend/tests/security/test_plan_gating_server_side.py;backend/tests/security/test_role_matrix.py,smoke,"pass 2026-10-06 (backend suite, Phase 5): 9 passing test(s) drove it; responses 401,402,403,404",
endpoint,GET /api/v1/organizations/{organization_id}/identity/scim-keys,[CRITICAL:auth] list_scim_keys [identity_admin.py:385] auth=user_jwt scope=organization,any (UNGATED in a enterprise-plan module),"org:OWNER,ADMIN",backend/tests/security/test_cross_tenant_sweep.py;backend/tests/security/test_plan_gating_server_side.py;backend/tests/security/test_role_matrix.py,smoke,"pass 2026-10-06 (backend suite, Phase 5): 10 passing test(s) drove it; responses 200,401,403,404",
endpoint,POST /api/v1/organizations/{organization_id}/identity/scim-keys,[CRITICAL:auth] create_scim_key [identity_admin.py:404] auth=user_jwt scope=organization,enterprise,org:OWNER,backend/tests/security/test_cross_tenant_sweep.py;backend/tests/security/test_idor_child_entities.py;backend/tests/security/test_plan_gating_server_side.py,smoke,"pass 2026-10-06 (backend suite, Phase 5): 13 passing test(s) drove it; responses 401,402,403,404",
endpoint,POST /api/v1/organizations/{organization_id}/identity/scim-keys/{key_id}/rotate,[CRITICAL:auth] rotate_scim_key [identity_admin.py:443] auth=user_jwt scope=organization,enterprise,org:OWNER,backend/tests/security/test_cross_tenant_sweep.py;backend/tests/security/test_plan_gating_server_side.py;backend/tests/security/test_role_matrix.py,smoke,"pass 2026-10-06 (backend suite, Phase 5): 9 passing test(s) drove it; responses 401,402,403,404",
endpoint,DELETE /api/v1/organizations/{organization_id}/identity/scim-keys/{key_id},[CRITICAL:auth] revoke_scim_key [identity_admin.py:471] auth=user_jwt scope=organization,any (UNGATED in a enterprise-plan module),org:OWNER,backend/tests/security/test_cross_tenant_sweep.py;backend/tests/security/test_plan_gating_server_side.py;backend/tests/security/test_role_matrix.py,smoke,"pass 2026-10-06 (backend suite, Phase 5): 9 passing test(s) drove it; responses 401,403,404",
endpoint,GET /api/v1/organizations/{organization_id}/identity/security-policy,[CRITICAL:auth] get_policy [identity_admin.py:491] auth=user_jwt scope=organization,any (UNGATED in a enterprise-plan module),"org:OWNER,ADMIN",backend/tests/security/test_cross_tenant_sweep.py;backend/tests/security/test_plan_gating_server_side.py;backend/tests/security/test_role_matrix.py;backend/tests/engines/test_session_age_policy_live.py;backend/tests/engines/test_require_sso_needs_an_idp_live.py,deep,"pass (Phase 3, live, 2026-10-08)",F-188;F-204
endpoint,PUT /api/v1/organizations/{organization_id}/identity/security-policy,[CRITICAL:auth] update_policy [identity_admin.py:508] auth=user_jwt scope=organization,any (UNGATED in a enterprise-plan module),org:OWNER,backend/tests/security/test_cross_tenant_sweep.py;backend/tests/security/test_plan_gating_server_side.py;backend/tests/security/test_role_matrix.py;backend/tests/engines/test_session_age_policy_live.py;backend/tests/engines/test_require_sso_needs_an_idp_live.py,deep,"pass (Phase 3, live, 2026-10-08)",F-004;F-188;F-204
endpoint,GET /api/v1/organizations/{organization_id}/identity/directory,[CRITICAL:auth] list_directory [identity_admin.py:537] auth=user_jwt scope=organization,any (UNGATED in a enterprise-plan module),"org:OWNER,ADMIN",backend/tests/security/test_cross_tenant_sweep.py;backend/tests/security/test_plan_gating_server_side.py;backend/tests/security/test_role_matrix.py,smoke,"pass 2026-10-06 (backend suite, Phase 5): 10 passing test(s) drove it; responses 200,401,403,404",
endpoint,POST /api/v1/workspaces/{workspace_id}/upload-sessions,[CRITICAL:upload] create_upload_session [ingestion.py:102] auth=user_jwt scope=workspace,any,ws:CONTRIBUTOR+,backend/tests/engines,deep,"pass (engines, Phase 4)",
endpoint,GET /api/v1/workspaces/{workspace_id}/upload-sessions/{session_id},[CRITICAL:upload] get_upload_session [ingestion.py:134] auth=user_jwt scope=workspace,any,ws:CONTRIBUTOR+,backend/tests/engines,smoke,"refusal proven (engines, Phase 4)",
endpoint,PUT /api/v1/workspaces/{workspace_id}/upload-sessions/{session_id}/parts/{part_number},[CRITICAL:upload] put_part [ingestion.py:150] auth=user_jwt scope=workspace,any,ws:CONTRIBUTOR+,backend/tests/engines;backend/tests/engines/test_blocking_io_does_not_freeze_the_api_live.py,deep,"pass (2026-10-10, live uvicorn): blocking step off the event loop, /health under 1 s",F-218
endpoint,POST /api/v1/workspaces/{workspace_id}/upload-sessions/{session_id}/complete,[CRITICAL:upload] complete_upload_session [ingestion.py:196] auth=user_jwt scope=workspace,any,ws:CONTRIBUTOR+,backend/tests/engines,deep,"pass (engines, Phase 4)",
endpoint,DELETE /api/v1/workspaces/{workspace_id}/upload-sessions/{session_id},[CRITICAL:upload] abort_upload_session [ingestion.py:290] auth=user_jwt scope=workspace,any,ws:CONTRIBUTOR+,backend/tests/engines,smoke,"refusal proven (engines, Phase 4)",
endpoint,POST /api/v1/workspaces/{workspace_id}/ingestion-batches,[CRITICAL:upload] create_batch [ingestion.py:320] auth=user_jwt scope=workspace,any,ws:CONTRIBUTOR+,backend/tests/engines,deep,"pass (engines, Phase 4)",
endpoint,GET /api/v1/workspaces/{workspace_id}/ingestion-batches/{batch_id},[CRITICAL:upload] get_batch [ingestion.py:354] auth=user_jwt scope=workspace,any,ws:VIEWER+,backend/tests/engines,deep,"pass (engines, Phase 4)",
endpoint,GET /api/v1/workspaces/{workspace_id}/ingestion-batches,[CRITICAL:upload] list_batches [ingestion.py:369] auth=user_jwt scope=workspace,any,ws:VIEWER+,backend/tests/engines,deep,"pass (engines, Phase 4)",
endpoint,POST /api/v1/workspaces/{workspace_id}/work-items/bulk,[CRITICAL:upload] bulk_action [ingestion.py:391] auth=user_jwt scope=workspace,any,ws:CONTRIBUTOR+,backend/tests/security/test_cross_tenant_sweep.py;backend/tests/security/test_idor_child_entities.py;backend/tests/security/test_role_matrix.py;backend/tests/api/test_legal_hold_enforcement.py;backend/tests/engines/test_document_delete_releases_file_live.py;frontend/e2e/tests/21-live-feedback.spec.ts;backend/tests/api/test_bulk_export_csv_injection.py,deep,"pass (Phase 1, 2026-10-08): CSV export neutralises formulas",F-108;F-145;F-149;F-151;F-162
endpoint,GET /api/v1/workspaces/{workspace_id}/work-items/tags,[CRITICAL:upload] list_tags [ingestion.py:452] auth=user_jwt scope=workspace,any,ws:VIEWER+,backend/tests/engines,deep,"pass (engines, Phase 4)",
endpoint,GET /api/v1/workspaces/{workspace_id}/document-presets,[CRITICAL:upload] list_presets [ingestion.py:493] auth=user_jwt scope=workspace,any,ws:VIEWER+,backend/tests/engines,deep,"pass (engines, Phase 4)",
endpoint,POST /api/v1/workspaces/{workspace_id}/document-presets/apply,[CRITICAL:upload] apply_preset [ingestion.py:510] auth=user_jwt scope=workspace,any,ws:ADMIN+,backend/tests/engines,deep,"pass (engines, Phase 4)",
endpoint,POST /api/v1/workspaces/{workspace_id}/document-presets/{preset_id}/enabled,[CRITICAL:upload] set_preset_enabled [ingestion.py:546] auth=user_jwt scope=workspace,any,ws:ADMIN+,backend/tests/security/test_cross_tenant_sweep.py;backend/tests/security/test_role_matrix.py,smoke,"pass 2026-10-06 (backend suite, Phase 5): 6 passing test(s) drove it; responses 401,403,404",
endpoint,GET /api/v1/workspaces/{workspace_id}/work-items/retention-holds,[CRITICAL:upload] list_holds [ingestion.py:587] auth=user_jwt scope=workspace,any,ws:VIEWER+,backend/tests/engines,deep,"pass (engines, Phase 4)",
endpoint,POST /api/v1/workspaces/{workspace_id}/work-items/retention-holds,[CRITICAL:upload] place_hold [ingestion.py:607] auth=user_jwt scope=workspace,any,ws:ADMIN+,backend/tests/security/test_cross_tenant_sweep.py;backend/tests/security/test_idor_child_entities.py;backend/tests/security/test_role_matrix.py,smoke,"pass 2026-10-06 (backend suite, Phase 5): 10 passing test(s) drove it; responses 201,401,403,404",
endpoint,DELETE /api/v1/workspaces/{workspace_id}/work-items/retention-holds/{hold_id},[CRITICAL:upload] release_hold [ingestion.py:660] auth=user_jwt scope=workspace,any,ws:ADMIN+,backend/tests/engines,smoke,"refusal proven (engines, Phase 4)",
endpoint,GET /api/v1/internal/tls/authorize,authorize_tls_issuance [internal_tls.py:96] auth=public scope=none,any,anonymous,,untested,,
endpoint,GET /api/v1/organizations/{organization_id}/marketplace/catalog,browse_catalog [marketplace.py:85] auth=user_jwt scope=organization,any,"org:OWNER,ADMIN",backend/tests/api/test_arch27_endpoints.py;backend/tests/security/test_cross_tenant_sweep.py;backend/tests/security/test_injection_sweep.py,smoke,"pass 2026-10-06 (backend suite, Phase 5): 11 passing test(s) drove it; responses 200,401,403,404,422",
endpoint,GET /api/v1/organizations/{organization_id}/marketplace/manifests/{manifest_id},inspect_manifest [marketplace.py:100] auth=user_jwt scope=organization,any,"org:OWNER,ADMIN",backend/tests/api/test_arch27_endpoints.py;backend/tests/security/test_cross_tenant_sweep.py;backend/tests/security/test_role_matrix.py,smoke,"pass 2026-10-06 (backend suite, Phase 5): 10 passing test(s) drove it; responses 200,401,403,404",
endpoint,GET /api/v1/organizations/{organization_id}/marketplace/installations,list_installations [marketplace.py:161] auth=user_jwt scope=organization,any,"org:OWNER,ADMIN",backend/tests/security/test_cross_tenant_sweep.py;backend/tests/security/test_role_matrix.py,smoke,"pass 2026-10-06 (backend suite, Phase 5): 8 passing test(s) drove it; responses 200,401,403,404",
endpoint,POST /api/v1/organizations/{organization_id}/marketplace/installations,install [marketplace.py:176] auth=user_jwt scope=organization,any,org:OWNER,backend/tests/api/test_arch27_endpoints.py;backend/tests/security/test_cross_tenant_sweep.py;backend/tests/security/test_idor_child_entities.py,smoke,"pass 2026-10-06 (backend suite, Phase 5): 16 passing test(s) drove it; responses 201,401,403,404",
endpoint,DELETE /api/v1/organizations/{organization_id}/marketplace/installations/{installation_id},uninstall [marketplace.py:213] auth=user_jwt scope=organization,any,org:OWNER,backend/tests/api/test_arch27_endpoints.py;backend/tests/security/test_cross_tenant_sweep.py;backend/tests/security/test_role_matrix.py,smoke,"pass 2026-10-06 (backend suite, Phase 5): 8 passing test(s) drove it; responses 204,401,403,404",
endpoint,GET /api/v1/me/organizations,[CRITICAL:auth] list_my_organizations [me.py:52] auth=user_jwt scope=user,any,any authenticated user,existing:tests/api/test_profile.py;existing:tests/api/test_me_context_logo.py,untested,,
endpoint,GET /api/v1/me/context,[CRITICAL:auth] get_my_context [me.py:69] auth=user_jwt scope=user,any,any authenticated user,existing:tests/api/test_profile.py;existing:tests/api/test_me_context_logo.py;backend/tests/api/test_me_context_logo.py;backend/tests/api/test_profile.py;backend/tests/test_tenant_isolation.py;backend/tests/api/test_archive_lifecycle.py,deep,"pass (final systemic polish, 2026-10-07)",F-131;F-133
endpoint,GET /api/v1/me/workspaces,[CRITICAL:auth] list_my_workspaces [me.py:152] auth=user_jwt scope=user,any,any authenticated user,existing:tests/api/test_profile.py;existing:tests/api/test_me_context_logo.py;backend/tests/api/test_me_context_logo.py;backend/tests/api/test_me_workspace_grants_archived.py;frontend/e2e/tests/21-live-feedback.spec.ts,deep,"pass (live feedback, 2026-10-07)",F-142
endpoint,GET /api/v1/me/profile,[CRITICAL:auth] get_my_profile [me.py:194] auth=user_jwt scope=user,any,any authenticated user,existing:tests/api/test_profile.py;existing:tests/api/test_me_context_logo.py;backend/tests/engines,deep,"pass (engines, Phase 4)",
endpoint,PATCH /api/v1/me/profile,[CRITICAL:auth] update_my_profile [me.py:208] auth=user_jwt scope=user,any,any authenticated user,existing:tests/api/test_profile.py;existing:tests/api/test_me_context_logo.py;backend/tests/api/test_profile.py;backend/tests/security/test_superadmin_only.py,smoke,"pass 2026-10-06 (backend suite, Phase 5): 20 passing test(s) drove it; responses 200,422",
endpoint,POST /api/v1/me/profile/detected-timezone,[CRITICAL:auth] offer_detected_timezone [me.py:231] auth=user_jwt scope=user,any,any authenticated user,existing:tests/api/test_profile.py;existing:tests/api/test_me_context_logo.py,untested,,
endpoint,GET /api/v1/workspaces/{workspace_id}/notifications,list_notifications [notifications.py:70] auth=user_jwt scope=workspace,any,ws:VIEWER+,backend/tests/engines,deep,"pass (engines, Phase 4)",
endpoint,GET /api/v1/workspaces/{workspace_id}/notifications/{notification_id},get_notification [notifications.py:102] auth=user_jwt scope=workspace,any,ws:VIEWER+,backend/tests/engines,smoke,"refusal proven (engines, Phase 4)",
endpoint,PATCH /api/v1/workspaces/{workspace_id}/notifications/{notification_id},update_notification [notifications.py:130] auth=user_jwt scope=workspace,any,ws:VIEWER+,backend/tests/engines;backend/tests/api/test_notification_inbox_filters.py;frontend/e2e/tests/10-workspace-documents.spec.ts,deep,"pass (final release, 2026-10-06)",F-061;F-110
endpoint,POST /api/v1/workspaces/{workspace_id}/notifications/mark-all-read,mark_all_read [notifications.py:164] auth=user_jwt scope=workspace,any,ws:VIEWER+,backend/tests/isolation/test_data_isolation.py;backend/tests/security/test_cross_tenant_sweep.py;backend/tests/security/test_idor_child_entities.py;backend/tests/api/test_notification_inbox_filters.py;frontend/e2e/tests/10-workspace-documents.spec.ts,deep,"pass (final release, 2026-10-06)",F-061;F-110
endpoint,DELETE /api/v1/workspaces/{workspace_id}/notifications/{notification_id},delete_notification [notifications.py:191] auth=user_jwt scope=workspace,any,ws:VIEWER+,backend/tests/engines;backend/tests/api/test_notification_inbox_filters.py;frontend/e2e/tests/10-workspace-documents.spec.ts,deep,"pass (final release, 2026-10-06)",F-061;F-110
endpoint,GET /api/v1/workspaces/{workspace_id}/obligations,list_obligations [obligations.py:190] auth=user_jwt scope=workspace (no existing API test),business,ws:VIEWER+,backend/tests/engines;backend/tests/engines/test_search_wildcards_live.py,deep,"pass (Phase 1, 2026-10-08): search is literal",F-002;F-156
endpoint,POST /api/v1/workspaces/{workspace_id}/obligations,create_obligation [obligations.py:252] auth=user_jwt scope=workspace (no existing API test),business,ws:CONTRIBUTOR+,backend/tests/engines,deep,"pass (engines, Phase 4)",F-002
endpoint,GET /api/v1/workspaces/{workspace_id}/obligations/calendar,obligation_calendar [obligations.py:271] auth=user_jwt scope=workspace (no existing API test),business,ws:VIEWER+,backend/tests/engines,smoke,"refusal proven (engines, Phase 4)",F-002
endpoint,POST /api/v1/workspaces/{workspace_id}/obligations/calculate,calculate [obligations.py:302] auth=user_jwt scope=workspace (no existing API test),business,ws:VIEWER+,backend/tests/security/test_cross_tenant_sweep.py;backend/tests/security/test_idor_child_entities.py;backend/tests/security/test_plan_gating_server_side.py,smoke,"pass 2026-10-06 (backend suite, Phase 5): 10 passing test(s) drove it; responses 401,402,404,422",F-002
endpoint,GET /api/v1/workspaces/{workspace_id}/obligations/export,export_obligations [obligations.py:330] auth=user_jwt scope=workspace (no existing API test),business,ws:VIEWER+,backend/tests/engines,deep,"pass (engines, Phase 4)",F-002
endpoint,GET /api/v1/workspaces/{workspace_id}/obligations/{obligation_id},get_obligation [obligations.py:371] auth=user_jwt scope=workspace (no existing API test),business,ws:VIEWER+,backend/tests/engines,deep,"pass (engines, Phase 4)",F-002
endpoint,PATCH /api/v1/workspaces/{workspace_id}/obligations/{obligation_id},update_obligation [obligations.py:379] auth=user_jwt scope=workspace (no existing API test),business,ws:CONTRIBUTOR+,backend/tests/engines,smoke,"refusal proven (engines, Phase 4)",F-002
endpoint,POST /api/v1/workspaces/{workspace_id}/obligations/{obligation_id}/complete,complete_obligation [obligations.py:398] auth=user_jwt scope=workspace (no existing API test),business,ws:CONTRIBUTOR+,backend/tests/engines,deep,"pass (engines, Phase 4)",F-002
endpoint,POST /api/v1/workspaces/{workspace_id}/obligations/{obligation_id}/waive,waive_obligation [obligations.py:412] auth=user_jwt scope=workspace (no existing API test),business,ws:CONTRIBUTOR+,backend/tests/engines,smoke,"refusal proven (engines, Phase 4)",F-002
endpoint,POST /api/v1/workspaces/{workspace_id}/obligations/{obligation_id}/reopen,reopen_obligation [obligations.py:426] auth=user_jwt scope=workspace (no existing API test),business,ws:CONTRIBUTOR+,backend/tests/engines,smoke,"refusal proven (engines, Phase 4)",F-002
endpoint,POST /api/v1/workspaces/{workspace_id}/obligations/{obligation_id}/review,review_obligation [obligations.py:440] auth=user_jwt scope=workspace (no existing API test),business,ws:CONTRIBUTOR+,backend/tests/engines,smoke,"refusal proven (engines, Phase 4)",F-002
endpoint,DELETE /api/v1/workspaces/{workspace_id}/obligations/{obligation_id},delete_obligation [obligations.py:457] auth=user_jwt scope=workspace (no existing API test),business,ws:CONTRIBUTOR+,backend/tests/engines,smoke,"refusal proven (engines, Phase 4)",F-002
endpoint,GET /api/v1/workspaces/{workspace_id}/work-items/{work_item_id}/obligations,document_obligations [obligations.py:476] auth=user_jwt scope=workspace (no existing API test),business,ws:VIEWER+,backend/tests/engines,smoke,"refusal proven (engines, Phase 4)",F-002
endpoint,POST /api/v1/workspaces/{workspace_id}/work-items/{work_item_id}/obligations/extract,extract_document [obligations.py:492] auth=user_jwt scope=workspace (no existing API test),business,ws:CONTRIBUTOR+,backend/tests/engines,smoke,"refusal proven (engines, Phase 4)",F-002
endpoint,GET /api/v1/workspaces/{workspace_id}/entities/{entity_id}/obligations,entity_obligations [obligations.py:512] auth=user_jwt scope=workspace (no existing API test),business,ws:VIEWER+,backend/tests/engines,smoke,"refusal proven (engines, Phase 4)",F-002
endpoint,GET /api/v1/workspaces/{workspace_id}/holiday-calendars,list_calendars [obligations.py:556] auth=user_jwt scope=workspace (no existing API test),business,ws:VIEWER+,backend/tests/engines,deep,"pass (engines, Phase 4)",F-002
endpoint,POST /api/v1/workspaces/{workspace_id}/holiday-calendars,create_calendar [obligations.py:569] auth=user_jwt scope=workspace (no existing API test),business,ws:ADMIN+,backend/tests/engines,deep,"pass (engines, Phase 4)",F-002
endpoint,PATCH /api/v1/workspaces/{workspace_id}/holiday-calendars/{calendar_id},update_calendar [obligations.py:586] auth=user_jwt scope=workspace (no existing API test),business,ws:ADMIN+,backend/tests/engines,smoke,"refusal proven (engines, Phase 4)",F-002
endpoint,DELETE /api/v1/workspaces/{workspace_id}/holiday-calendars/{calendar_id},delete_calendar [obligations.py:603] auth=user_jwt scope=workspace (no existing API test),business,ws:ADMIN+,backend/tests/engines,smoke,"refusal proven (engines, Phase 4)",F-002
endpoint,GET /api/v1/workspaces/{workspace_id}/calendar-feeds,list_feeds [obligations.py:625] auth=user_jwt scope=workspace (no existing API test),business,ws:VIEWER+,backend/tests/engines,deep,"pass (engines, Phase 4)",F-002
endpoint,POST /api/v1/workspaces/{workspace_id}/calendar-feeds,issue_feed [obligations.py:638] auth=user_jwt scope=workspace (no existing API test),business,ws:VIEWER+,backend/tests/engines,deep,"pass (engines, Phase 4)",F-002
endpoint,DELETE /api/v1/workspaces/{workspace_id}/calendar-feeds/{feed_id},revoke_feed [obligations.py:655] auth=user_jwt scope=workspace (no existing API test),business,ws:VIEWER+,backend/tests/engines,deep,"pass (engines, Phase 4)",F-002
endpoint,GET /api/v1/organizations/{organization_id}/email-settings,read_organization_email_settings [organization_email_settings.py:63] auth=user_jwt scope=organization,any (UNGATED in a business-plan module),"org:OWNER,ADMIN",existing:tests/api/test_organization_email_settings.py;backend/tests/api/test_organization_email_settings.py;backend/tests/security/test_cross_tenant_sweep.py;backend/tests/security/test_plan_gating_server_side.py,smoke,"pass 2026-10-06 (backend suite, Phase 5): 20 passing test(s) drove it; responses 200,401,403,404",
endpoint,PATCH /api/v1/organizations/{organization_id}/email-settings,update_organization_email_settings [organization_email_settings.py:79] auth=user_jwt scope=organization,business,"org:OWNER,ADMIN",existing:tests/api/test_organization_email_settings.py;backend/tests/engines,deep,"pass (engines, Phase 4)",
endpoint,POST /api/v1/organizations/{organization_id}/email-settings/test,test_organization_email_settings [organization_email_settings.py:106] auth=user_jwt scope=organization,any (UNGATED in a business-plan module),"org:OWNER,ADMIN",existing:tests/api/test_organization_email_settings.py;backend/tests/engines,deep,"pass (engines, Phase 4)",
endpoint,POST /api/v1/organizations/{organization_id}/invitations,[CRITICAL:team] create_invitation [organization_invitations.py:57] auth=user_jwt scope=organization,any,"org:OWNER,ADMIN",existing:tests/api/test_organization_invitations.py;backend/tests/api/test_organization_invitations.py;backend/tests/security/test_cross_tenant_sweep.py;backend/tests/security/test_idor_child_entities.py;frontend/e2e/tests/20-organization.spec.ts,deep,"pass (final release, 2026-10-06)",F-061
endpoint,POST /api/v1/organizations/{organization_id}/invitations/{invitation_id}/resend,[CRITICAL:team] resend_invitation [organization_invitations.py:95] auth=user_jwt scope=organization,any,"org:OWNER,ADMIN",existing:tests/api/test_organization_invitations.py;backend/tests/security/test_cross_tenant_sweep.py;backend/tests/security/test_idor_child_entities.py;backend/tests/security/test_role_matrix.py;frontend/e2e/tests/20-organization.spec.ts;backend/tests/services/test_invitation_last_seat.py,deep,pass (2026-10-10): the last seat's invitation can be resent,F-061;F-221
endpoint,POST /api/v1/organizations/{organization_id}/invitations/{invitation_id}/revoke,[CRITICAL:team] revoke_invitation [organization_invitations.py:130] auth=user_jwt scope=organization,any,"org:OWNER,ADMIN",existing:tests/api/test_organization_invitations.py;backend/tests/security/test_cross_tenant_sweep.py;backend/tests/security/test_idor_child_entities.py;backend/tests/security/test_role_matrix.py;frontend/e2e/tests/20-organization.spec.ts,deep,"pass (final release, 2026-10-06)",F-061
endpoint,GET /api/v1/organizations/{organization_id}/invitations,[CRITICAL:team] list_invitations [organization_invitations.py:161] auth=user_jwt scope=organization,any,"org:OWNER,ADMIN",existing:tests/api/test_organization_invitations.py;backend/tests/security/test_cross_tenant_sweep.py;backend/tests/security/test_role_matrix.py;backend/tests/services/test_regression_matrix.py;frontend/e2e/tests/20-organization.spec.ts;frontend/e2e/tests/26-phase3-consoles.spec.ts;backend/tests/api/test_pending_invitations_are_only_pending.py,deep,pass (2026-10-10): ?status=PENDING lists only pending; no filter keeps history; bad status 422,F-061;F-197;F-216
endpoint,POST /api/v1/invitations/preview,[CRITICAL:team] preview_invitation [organization_invitations.py:183] auth=public scope=none,any,anonymous,existing:tests/api/test_organization_invitations.py;backend/tests/api/test_invitation_signup.py,deep,"pass (2026-10-10): has_account, workspaces and roles",F-222
endpoint,POST /api/v1/invitations/accept,[CRITICAL:team] accept_invitation [organization_invitations.py:227] auth=user_jwt scope=user,any,any authenticated user,existing:tests/api/test_organization_invitations.py;backend/tests/api/test_organization_invitations.py;backend/tests/services/test_invitation_last_seat.py;backend/tests/api/test_invitation_signup.py,deep,pass (2026-10-10): last seat fillable; multi-organization user gets exactly the grant,F-107;F-221;F-222
endpoint,POST /api/v1/invitations/reject,[CRITICAL:team] reject_invitation [organization_invitations.py:284] auth=user_jwt scope=user,any,any authenticated user,existing:tests/api/test_organization_invitations.py;backend/tests/services/test_verification.py,smoke,"pass 2026-10-06 (backend suite, Phase 5): 1 passing test(s) drove it; responses 200",
endpoint,GET /api/v1/me/invitations,[CRITICAL:team] list_my_invitations [organization_invitations.py:310] auth=user_jwt scope=user,any,any authenticated user,existing:tests/api/test_organization_invitations.py;backend/tests/api/test_organization_invitations.py;backend/tests/security/test_invitations_and_unverified_accounts.py,smoke,"pass 2026-10-06 (backend suite, Phase 5): 3 passing test(s) drove it; responses 200",
endpoint,GET /api/v1/organizations/{organization_id}/notifications,list_organization_notifications [organization_notifications.py:31] auth=user_jwt scope=organization,any,org:any,backend/tests/api/test_billing_role_notifications.py,deep,"pass (Phase 5, 2026-10-06)",F-055
endpoint,PATCH /api/v1/organizations/{organization_id}/notifications/{notification_id},update_organization_notification [organization_notifications.py:66] auth=user_jwt scope=organization,any,org:any,backend/tests/api/test_billing_role_notifications.py;backend/tests/api/test_notification_inbox_filters.py,deep,"pass (final release, 2026-10-06)",F-055;F-110
endpoint,POST /api/v1/organizations,[CRITICAL:team] create_organization [organizations.py:60] auth=user_jwt scope=user,any,any authenticated user,,untested,,
endpoint,GET /api/v1/organizations/slug-available,[CRITICAL:team] check_organization_slug [organizations.py:93] auth=user_jwt scope=user,any,any authenticated user,,untested,,
endpoint,GET /api/v1/organizations/{organization_id},[CRITICAL:team] get_organization [organizations.py:127] auth=user_jwt scope=organization,any,any authenticated user,backend/tests/security/test_auth_token_attacks.py;backend/tests/security/test_cross_tenant_sweep.py;backend/tests/services/test_regression_matrix.py,smoke,"pass 2026-10-06 (backend suite, Phase 5): 12 passing test(s) drove it; responses 200,401,403,404",
endpoint,PATCH /api/v1/organizations/{organization_id},[CRITICAL:team] update_organization [organizations.py:142] auth=user_jwt scope=organization,any,"org:OWNER,ADMIN",backend/tests/security/test_cross_tenant_sweep.py;backend/tests/security/test_role_matrix.py,smoke,"pass 2026-10-06 (backend suite, Phase 5): 6 passing test(s) drove it; responses 200,401,403,404",
endpoint,POST /api/v1/organizations/{organization_id}/archive,[CRITICAL:team] archive_organization [organizations.py:174] auth=user_jwt scope=organization,any,org:OWNER,backend/tests/security/test_cross_tenant_sweep.py;backend/tests/test_tenant_isolation.py;backend/tests/api/test_archive_lifecycle.py,deep,"pass (final systemic polish, 2026-10-07)",F-132;F-134
endpoint,GET /api/v1/organizations/{organization_id}/workspaces,[CRITICAL:team] list_organization_workspaces [organizations.py:214] auth=user_jwt scope=organization,any,any authenticated user,backend/tests/engines;backend/tests/api/test_archive_lifecycle.py,deep,"pass (final systemic polish, 2026-10-07)",F-131
endpoint,POST /api/v1/organizations/{organization_id}/workspaces,[CRITICAL:team] create_workspace [organizations.py:238] auth=user_jwt scope=organization,any,"org:OWNER,ADMIN",backend/tests/engines,deep,"pass (engines, Phase 4)",
endpoint,GET /api/v1/organizations/{organization_id}/members,[CRITICAL:team] list_organization_members [organizations.py:272] auth=user_jwt scope=organization,any,any authenticated user,backend/tests/engines;backend/tests/api/test_member_list_identity.py,deep,"pass (live feedback, 2026-10-07)",F-153
endpoint,PATCH /api/v1/organizations/{organization_id}/members/{membership_id},[CRITICAL:team] change_member_role [organizations.py:308] auth=user_jwt scope=organization,any,"org:OWNER,ADMIN",backend/tests/engines,deep,"pass (engines, Phase 4)",
endpoint,POST /api/v1/organizations/{organization_id}/members/{membership_id}/deactivate,[CRITICAL:team] deactivate_member [organizations.py:333] auth=user_jwt scope=organization,any,"org:OWNER,ADMIN",backend/tests/engines;backend/tests/api/test_member_removal_withdraws_invitations.py,deep,pass (2026-10-10): pending invitations for the address are revoked,F-217
endpoint,POST /api/v1/organizations/{organization_id}/leave,[CRITICAL:team] leave_organization [organizations.py:356] auth=user_jwt scope=organization,any,any authenticated user,backend/tests/security/test_cross_tenant_sweep.py,smoke,"pass 2026-10-06 (backend suite, Phase 5): 5 passing test(s) drove it; responses 401,404,409",
endpoint,POST /api/v1/organizations/{organization_id}/ownership-transfers,[CRITICAL:team] initiate_ownership_transfer [ownership_transfers.py:108] auth=user_jwt scope=organization,any,org:OWNER,existing:tests/api/test_ownership_transfers.py;backend/tests/api/test_ownership_transfers.py;backend/tests/security/test_cross_tenant_sweep.py;backend/tests/security/test_idor_child_entities.py,smoke,"pass 2026-10-06 (backend suite, Phase 5): 40 passing test(s) drove it; responses 201,400,401,403,404,409,422",
endpoint,POST /api/v1/organizations/{organization_id}/ownership-transfers/{transfer_id}/accept,[CRITICAL:team] accept_ownership_transfer [ownership_transfers.py:154] auth=user_jwt scope=organization,any,any authenticated user,existing:tests/api/test_ownership_transfers.py;backend/tests/api/test_ownership_transfers.py;backend/tests/security/test_cross_tenant_sweep.py,smoke,"pass 2026-10-06 (backend suite, Phase 5): 13 passing test(s) drove it; responses 200,401,403,404,409,410",
endpoint,POST /api/v1/organizations/{organization_id}/ownership-transfers/{transfer_id}/decline,[CRITICAL:team] decline_ownership_transfer [ownership_transfers.py:203] auth=user_jwt scope=organization,any,any authenticated user,existing:tests/api/test_ownership_transfers.py;backend/tests/api/test_ownership_transfers.py;backend/tests/security/test_cross_tenant_sweep.py,smoke,"pass 2026-10-06 (backend suite, Phase 5): 9 passing test(s) drove it; responses 200,401,403,404",
endpoint,POST /api/v1/organizations/{organization_id}/ownership-transfers/{transfer_id}/cancel,[CRITICAL:team] cancel_ownership_transfer [ownership_transfers.py:245] auth=user_jwt scope=organization,any,any authenticated user,existing:tests/api/test_ownership_transfers.py;backend/tests/api/test_ownership_transfers.py;backend/tests/security/test_cross_tenant_sweep.py,smoke,"pass 2026-10-06 (backend suite, Phase 5): 9 passing test(s) drove it; responses 200,401,403,404",
endpoint,GET /api/v1/me/ownership-transfers,[CRITICAL:team] list_my_ownership_transfers [ownership_transfers.py:291] auth=user_jwt scope=user,any,any authenticated user,existing:tests/api/test_ownership_transfers.py;backend/tests/api/test_ownership_transfers.py,smoke,"pass 2026-10-06 (backend suite, Phase 5): 7 passing test(s) drove it; responses 200,401",
endpoint,GET /api/v1/workspaces/{workspace_id}/packet-splits,list_packet_splits [packet_splits.py:88] auth=user_jwt scope=workspace (no existing API test),business,ws:VIEWER+,backend/tests/engines,deep,"pass (engines, Phase 4)",F-002
endpoint,GET /api/v1/workspaces/{workspace_id}/packet-splits/{split_id},get_packet_split [packet_splits.py:106] auth=user_jwt scope=workspace (no existing API test),business,ws:VIEWER+,backend/tests/engines,deep,"pass (engines, Phase 4)",F-002
endpoint,POST /api/v1/workspaces/{workspace_id}/work-items/{work_item_id}/packet-split,detect_packet_split [packet_splits.py:118] auth=user_jwt scope=workspace (no existing API test),business,ws:CONTRIBUTOR+,backend/tests/engines,smoke,"refusal proven (engines, Phase 4)",F-002
endpoint,PUT /api/v1/workspaces/{workspace_id}/packet-splits/{split_id}/boundaries,correct_packet_split [packet_splits.py:137] auth=user_jwt scope=workspace (no existing API test),business,ws:CONTRIBUTOR+,backend/tests/engines,smoke,"refusal proven (engines, Phase 4)",F-002
endpoint,POST /api/v1/workspaces/{workspace_id}/packet-splits/{split_id}/approve,approve_packet_split [packet_splits.py:156] auth=user_jwt scope=workspace (no existing API test),business,ws:CONTRIBUTOR+,backend/tests/engines,deep,"pass (engines, Phase 4)",F-002
endpoint,POST /api/v1/workspaces/{workspace_id}/packet-splits/{split_id}/reject,reject_packet_split [packet_splits.py:178] auth=user_jwt scope=workspace (no existing API test),business,ws:CONTRIBUTOR+,backend/tests/engines,smoke,"refusal proven (engines, Phase 4)",F-002
endpoint,GET /api/v1/workspaces/{workspace_id}/packet-splits/{split_id}/pages/{page}/thumbnail,packet_page_thumbnail [packet_splits.py:199] auth=user_jwt scope=workspace (no existing API test),business,ws:VIEWER+,backend/tests/engines,deep,"pass (engines, Phase 4)",F-002
endpoint,GET /api/v1/workspaces/{workspace_id}/work-items/{work_item_id}/lineage,get_work_item_lineage [packet_splits.py:222] auth=user_jwt scope=workspace (no existing API test),business,ws:VIEWER+,backend/tests/engines,deep,"pass (engines, Phase 4)",F-002
endpoint,GET /api/v1/partners,list_my_partners [partner.py:130] auth=user_jwt scope=user,any,any authenticated user,backend/tests/api/test_arch27_endpoints.py,smoke,"pass 2026-10-06 (backend suite, Phase 5): 1 passing test(s) drove it; responses 200",
endpoint,POST /api/v1/partners,create_partner [partner.py:148] auth=superadmin scope=platform(cross-tenant),any,superadmin,backend/tests/engines,smoke,"refusal proven (engines, Phase 4)",
endpoint,GET /api/v1/partners/{partner_id},get_partner [partner.py:173] auth=user_jwt scope=user,any,any authenticated user,backend/tests/api/test_arch27_endpoints.py;backend/tests/security/test_partner_isolation.py,smoke,"pass 2026-10-06 (backend suite, Phase 5): 9 passing test(s) drove it; responses 200,404",
endpoint,PATCH /api/v1/partners/{partner_id},update_partner [partner.py:184] auth=user_jwt scope=user,any,any authenticated user,backend/tests/security/test_partner_isolation.py,smoke,"pass 2026-10-06 (backend suite, Phase 5): 8 passing test(s) drove it; responses 403,404",
endpoint,GET /api/v1/partners/{partner_id}/members,list_members [partner.py:210] auth=user_jwt scope=user,any,any authenticated user,backend/tests/security/test_partner_isolation.py,smoke,"pass 2026-10-06 (backend suite, Phase 5): 7 passing test(s) drove it; responses 200,404",
endpoint,POST /api/v1/partners/{partner_id}/members,add_member [partner.py:236] auth=user_jwt scope=user,any,any authenticated user,backend/tests/security/test_partner_isolation.py,smoke,"pass 2026-10-06 (backend suite, Phase 5): 8 passing test(s) drove it; responses 403,404",
endpoint,DELETE /api/v1/partners/{partner_id}/members/{user_id},remove_member [partner.py:270] auth=user_jwt scope=user,any,any authenticated user,backend/tests/security/test_partner_isolation.py,smoke,"pass 2026-10-06 (backend suite, Phase 5): 8 passing test(s) drove it; responses 403,404",
endpoint,GET /api/v1/partners/{partner_id}/book,get_book [partner.py:298] auth=user_jwt scope=user,any,any authenticated user,backend/tests/api/test_arch27_endpoints.py;backend/tests/security/test_partner_isolation.py,smoke,"pass 2026-10-06 (backend suite, Phase 5): 9 passing test(s) drove it; responses 200,404",
endpoint,POST /api/v1/partners/{partner_id}/book,assign_organization [partner.py:317] auth=user_jwt scope=user,any,any authenticated user,backend/tests/api/test_arch27_endpoints.py;backend/tests/security/test_partner_isolation.py,smoke,"pass 2026-10-06 (backend suite, Phase 5): 13 passing test(s) drove it; responses 201,403,404,409",
endpoint,DELETE /api/v1/partners/{partner_id}/book/{organization_id},release_organization [partner.py:354] auth=user_jwt scope=organization,any,any authenticated user,backend/tests/api/test_arch27_endpoints.py;backend/tests/security/test_cross_tenant_sweep.py;backend/tests/security/test_partner_isolation.py,smoke,"pass 2026-10-06 (backend suite, Phase 5): 12 passing test(s) drove it; responses 204,401,404",
endpoint,GET /api/v1/partners/{partner_id}/signing-keys,list_signing_keys [partner.py:387] auth=user_jwt scope=user,any,any authenticated user,backend/tests/api/test_arch27_endpoints.py;backend/tests/security/test_partner_isolation.py,smoke,"pass 2026-10-06 (backend suite, Phase 5): 7 passing test(s) drove it; responses 200,404",
endpoint,POST /api/v1/partners/{partner_id}/signing-keys,register_signing_key [partner.py:403] auth=user_jwt scope=user,any,any authenticated user,backend/tests/api/test_arch27_endpoints.py;backend/tests/security/test_partner_isolation.py,smoke,"pass 2026-10-06 (backend suite, Phase 5): 20 passing test(s) drove it; responses 201,422",
endpoint,POST /api/v1/partners/{partner_id}/signing-keys/{key_id}/revoke,revoke_signing_key [partner.py:448] auth=user_jwt scope=user,any,any authenticated user,backend/tests/security/test_partner_isolation.py,smoke,"pass 2026-10-06 (backend suite, Phase 5): 8 passing test(s) drove it; responses 403,404",
endpoint,GET /api/v1/partners/{partner_id}/agreements,list_agreements [partner.py:484] auth=user_jwt scope=user,any,any authenticated user,backend/tests/security/test_partner_isolation.py,smoke,"pass 2026-10-06 (backend suite, Phase 5): 6 passing test(s) drove it; responses 404",
endpoint,POST /api/v1/partners/{partner_id}/agreements,create_agreement [partner.py:508] auth=superadmin scope=platform(cross-tenant),any,superadmin,backend/tests/engines,smoke,"refusal proven (engines, Phase 4)",
endpoint,GET /api/v1/partners/{partner_id}/payouts,list_payout_periods [partner.py:564] auth=user_jwt scope=user,any,any authenticated user,backend/tests/security/test_partner_isolation.py,smoke,"pass 2026-10-06 (backend suite, Phase 5): 6 passing test(s) drove it; responses 404",
endpoint,POST /api/v1/partners/{partner_id}/payouts,compute_payout_period [partner.py:580] auth=user_jwt scope=user,any,any authenticated user,backend/tests/api/test_arch27_endpoints.py;backend/tests/security/test_partner_isolation.py,smoke,"pass 2026-10-06 (backend suite, Phase 5): 9 passing test(s) drove it; responses 201,403,404",
endpoint,GET /api/v1/partners/{partner_id}/payouts/{period_id},get_payout_statement [partner.py:610] auth=user_jwt scope=user,any,any authenticated user,backend/tests/api/test_arch27_endpoints.py;backend/tests/security/test_partner_isolation.py,smoke,"pass 2026-10-06 (backend suite, Phase 5): 8 passing test(s) drove it; responses 200,404",
endpoint,POST /api/v1/partners/{partner_id}/payouts/{period_id}/seal,seal_payout_period [partner.py:640] auth=superadmin scope=platform(cross-tenant),any,superadmin,backend/tests/engines,smoke,"refusal proven (engines, Phase 4)",
endpoint,POST /api/v1/partners/{partner_id}/payouts/{period_id}/paid,mark_payout_paid [partner.py:671] auth=superadmin scope=platform(cross-tenant),any,superadmin,backend/tests/engines,smoke,"refusal proven (engines, Phase 4)",
endpoint,GET /api/v1/partners/{partner_id}/economics,get_economics [partner.py:698] auth=user_jwt scope=user,any,any authenticated user,backend/tests/api/test_arch27_endpoints.py;backend/tests/security/test_partner_isolation.py,smoke,"pass 2026-10-06 (backend suite, Phase 5): 7 passing test(s) drove it; responses 200,404",
endpoint,GET /api/v1/partners/{partner_id}/catalog,list_catalog_items [partner.py:715] auth=user_jwt scope=user,any,any authenticated user,backend/tests/security/test_partner_isolation.py,smoke,"pass 2026-10-06 (backend suite, Phase 5): 6 passing test(s) drove it; responses 404",
endpoint,POST /api/v1/partners/{partner_id}/catalog,create_catalog_item [partner.py:769] auth=user_jwt scope=user,any,any authenticated user,backend/tests/api/test_arch27_endpoints.py;backend/tests/security/test_partner_isolation.py,smoke,"pass 2026-10-06 (backend suite, Phase 5): 16 passing test(s) drove it; responses 201,403,404",
endpoint,POST /api/v1/partners/{partner_id}/catalog/{item_id}/manifests,publish_manifest [partner.py:818] auth=user_jwt scope=user,any,any authenticated user,backend/tests/api/test_arch27_endpoints.py;backend/tests/security/test_partner_isolation.py,smoke,"pass 2026-10-06 (backend suite, Phase 5): 16 passing test(s) drove it; responses 201,400,422",
endpoint,POST /api/v1/partners/{partner_id}/catalog/manifest-digest,preview_manifest_digest [partner.py:899] auth=user_jwt scope=user,any,any authenticated user,backend/tests/security/test_partner_isolation.py,smoke,"pass 2026-10-06 (backend suite, Phase 5): 6 passing test(s) drove it; responses 404",
endpoint,GET /api/v1/partners/{partner_id}/catalog/{item_id}/manifests,list_item_manifests [partner.py:919] auth=user_jwt scope=user,any,any authenticated user,backend/tests/security/test_partner_isolation.py,smoke,"pass 2026-10-06 (backend suite, Phase 5): 6 passing test(s) drove it; responses 404",
endpoint,PATCH /api/v1/partners/{partner_id}/catalog/{item_id},update_catalog_item [partner.py:976] auth=user_jwt scope=user,any,any authenticated user,backend/tests/security/test_partner_isolation.py,smoke,"pass 2026-10-06 (backend suite, Phase 5): 7 passing test(s) drove it; responses 403,404",
endpoint,GET /api/v1/workspaces/{workspace_id}/process/overview,overview [process_intel.py:171] auth=user_jwt scope=workspace (no existing API test),enterprise,ws:VIEWER+,backend/tests/engines,deep,"pass (engines, Phase 4)",F-002
endpoint,GET /api/v1/workspaces/{workspace_id}/process/discovery,discovery_route [process_intel.py:190] auth=user_jwt scope=workspace (no existing API test),enterprise,ws:VIEWER+,backend/tests/engines,deep,"pass (engines, Phase 4)",F-002
endpoint,GET /api/v1/workspaces/{workspace_id}/process/objects/{object_type}/{object_id},object_timeline [process_intel.py:203] auth=user_jwt scope=workspace (no existing API test),enterprise,ws:VIEWER+,backend/tests/engines,deep,"pass (engines, Phase 4)",F-002
endpoint,GET /api/v1/workspaces/{workspace_id}/process/conformance,conformance_route [process_intel.py:215] auth=user_jwt scope=workspace (no existing API test),enterprise,ws:VIEWER+,backend/tests/engines,deep,"pass (engines, Phase 4)",F-002
endpoint,GET /api/v1/workspaces/{workspace_id}/process/sla,sla_route [process_intel.py:227] auth=user_jwt scope=workspace (no existing API test),enterprise,ws:VIEWER+,backend/tests/engines,deep,"pass (engines, Phase 4)",F-002
endpoint,PUT /api/v1/workspaces/{workspace_id}/process/sla/{object_type},set_sla [process_intel.py:240] auth=user_jwt scope=workspace (no existing API test),enterprise,ws:ADMIN+,backend/tests/engines,deep,"pass (engines, Phase 4)",F-002
endpoint,GET /api/v1/workspaces/{workspace_id}/process/cost,cost_route [process_intel.py:258] auth=user_jwt scope=workspace (no existing API test),enterprise,ws:VIEWER+,backend/tests/engines,deep,"pass (engines, Phase 4)",F-002
endpoint,POST /api/v1/workspaces/{workspace_id}/process/sweep,sweep_now [process_intel.py:289] auth=user_jwt scope=workspace (no existing API test),enterprise,ws:ADMIN+,backend/tests/engines,deep,"pass (engines, Phase 4)",F-002
endpoint,GET /api/v1/workspaces/{workspace_id}/process/agent/policy,get_policy [process_intel.py:305] auth=user_jwt scope=workspace (no existing API test),enterprise,ws:CONTRIBUTOR+,backend/tests/engines,deep,"pass (engines, Phase 4)",F-002
endpoint,PUT /api/v1/workspaces/{workspace_id}/process/agent/policy,set_policy [process_intel.py:312] auth=user_jwt scope=workspace (no existing API test),enterprise,ws:ADMIN+,backend/tests/security/test_cross_tenant_sweep.py;backend/tests/security/test_plan_gating_server_side.py;backend/tests/security/test_role_matrix.py,smoke,"pass 2026-10-06 (backend suite, Phase 5): 8 passing test(s) drove it; responses 200,401,402,403,404",F-002
endpoint,GET /api/v1/workspaces/{workspace_id}/process/agent/proposals,list_proposals [process_intel.py:331] auth=user_jwt scope=workspace (no existing API test),enterprise,ws:CONTRIBUTOR+,backend/tests/engines,deep,"pass (engines, Phase 4)",F-002
endpoint,GET /api/v1/workspaces/{workspace_id}/process/agent/proposals/{proposal_id},get_proposal [process_intel.py:358] auth=user_jwt scope=workspace (no existing API test),enterprise,ws:CONTRIBUTOR+,backend/tests/engines,smoke,"refusal proven (engines, Phase 4)",F-002
endpoint,POST /api/v1/workspaces/{workspace_id}/process/agent/proposals/{proposal_id}/approve,approve [process_intel.py:381] auth=user_jwt scope=workspace (no existing API test),business,ws:CONTRIBUTOR+,backend/tests/engines,smoke,"refusal proven (engines, Phase 4)",F-002
endpoint,POST /api/v1/workspaces/{workspace_id}/process/agent/proposals/{proposal_id}/reject,reject [process_intel.py:403] auth=user_jwt scope=workspace (no existing API test),enterprise,ws:CONTRIBUTOR+,backend/tests/engines,smoke,"refusal proven (engines, Phase 4)",F-002
endpoint,POST /api/v1/workspaces/{workspace_id}/process/agent/proposals/{proposal_id}/undo,undo [process_intel.py:420] auth=user_jwt scope=workspace (no existing API test),enterprise,ws:CONTRIBUTOR+,backend/tests/engines,smoke,"refusal proven (engines, Phase 4)",F-002
endpoint,GET /api/v1/workspaces/{workspace_id}/procurement/cases,list_cases [procurement.py:125] auth=user_jwt scope=workspace (no existing API test),business,ws:VIEWER+,backend/tests/engines,deep,"pass (engines, Phase 4)",F-002
endpoint,GET /api/v1/workspaces/{workspace_id}/procurement/cases/{case_id},get_case [procurement.py:156] auth=user_jwt scope=workspace (no existing API test),business,ws:VIEWER+,backend/tests/engines,deep,"pass (engines, Phase 4)",F-002
endpoint,POST /api/v1/workspaces/{workspace_id}/procurement/cases/{case_id}/approve,approve_case [procurement.py:176] auth=user_jwt scope=workspace (no existing API test),business,ws:CONTRIBUTOR+,backend/tests/engines,deep,"pass (engines, Phase 4)",F-002
endpoint,POST /api/v1/workspaces/{workspace_id}/procurement/cases/{case_id}/dispute,dispute_case [procurement.py:218] auth=user_jwt scope=workspace (no existing API test),business,ws:CONTRIBUTOR+,backend/tests/engines,smoke,"refusal proven (engines, Phase 4)",F-002
endpoint,POST /api/v1/workspaces/{workspace_id}/procurement/cases/{case_id}/rematch,rematch_case [procurement.py:253] auth=user_jwt scope=workspace (no existing API test),business,ws:CONTRIBUTOR+,backend/tests/engines,smoke,"refusal proven (engines, Phase 4)",F-002
endpoint,GET /api/v1/workspaces/{workspace_id}/procurement/policies,list_policies [procurement.py:315] auth=user_jwt scope=workspace (no existing API test),business,ws:VIEWER+,backend/tests/engines,deep,"pass (engines, Phase 4)",F-002
endpoint,POST /api/v1/workspaces/{workspace_id}/procurement/policies,publish_policy [procurement.py:337] auth=user_jwt scope=workspace (no existing API test),business,ws:ADMIN+,backend/tests/engines;frontend/e2e/tests/26-phase3-consoles.spec.ts,deep,"pass (Phase 3, live, 2026-10-08): admin publishes; contributor read-only",F-002;F-198;F-199
endpoint,POST /api/v1/workspaces/{workspace_id}/procurement/policies/preview,preview_policy [procurement.py:365] auth=user_jwt scope=workspace (no existing API test),business,ws:ADMIN+,backend/tests/security/test_cross_tenant_sweep.py;backend/tests/security/test_idor_child_entities.py;backend/tests/security/test_plan_gating_server_side.py;frontend/e2e/tests/26-phase3-consoles.spec.ts,deep,"pass (Phase 3, live, 2026-10-08): admin publishes; contributor read-only",F-002;F-198;F-199
endpoint,PUT /api/v1/workspaces/{workspace_id}/procurement/roles/{work_item_id},override_document_role [procurement.py:389] auth=user_jwt scope=workspace (no existing API test),business,ws:CONTRIBUTOR+,backend/tests/engines,smoke,"refusal proven (engines, Phase 4)",F-002
endpoint,GET /api/v1/public,[CRITICAL:api-keys-webhooks] api_version [public/gateway.py:174] auth=api_key scope=organization(api-key),any,API key (scopes),existing:tests/api/test_public_api_endpoints.py;backend/tests/api/test_public_api_endpoints.py,smoke,"pass 2026-10-06 (backend suite, Phase 5): 3 passing test(s) drove it; responses 200,401",
endpoint,GET /api/v1/public/documents,[CRITICAL:api-keys-webhooks] list_documents [public/gateway.py:209] auth=api_key scope=organization(api-key),any,API key (scopes),existing:tests/api/test_public_api_endpoints.py;backend/tests/engines,deep,"pass (engines, Phase 4)",
endpoint,GET /api/v1/public/documents/{work_item_id},[CRITICAL:api-keys-webhooks] get_document [public/gateway.py:273] auth=api_key scope=organization(api-key),any,API key (scopes),existing:tests/api/test_public_api_endpoints.py,untested,,
endpoint,POST /api/v1/public/query,[CRITICAL:api-keys-webhooks] run_query [public/gateway.py:329] auth=api_key scope=organization(api-key),any,API key (scopes),existing:tests/api/test_public_api_endpoints.py;backend/tests/engines,smoke,"refusal proven (engines, Phase 4)",
endpoint,GET /api/v1/public/workflows,[CRITICAL:api-keys-webhooks] list_workflows [public/gateway.py:403] auth=api_key scope=organization(api-key),any,API key (scopes),existing:tests/api/test_public_api_endpoints.py,untested,,
endpoint,POST /api/v1/public/workflows/{rule_id}/trigger,[CRITICAL:api-keys-webhooks] trigger_workflow [public/gateway.py:455] auth=api_key scope=organization(api-key),any,API key (scopes),existing:tests/api/test_public_api_endpoints.py;backend/tests/api/test_public_api_endpoints.py,smoke,"pass 2026-10-06 (backend suite, Phase 5): 2 passing test(s) drove it; responses 403,404",
endpoint,GET /api/v1/public/calendar-feeds/{token}.ics,calendar_feed [public_calendar_feeds.py:34] auth=public_token scope=none (no existing API test),any,token holder,backend/tests/engines,deep,"pass (engines, Phase 4)",F-002
endpoint,GET /api/v1/public/document-requests/{token},[CRITICAL:upload] preview_document_request [public_document_requests.py:29] auth=public_token scope=none (no existing API test),any,token holder,backend/tests/engines/test_public_document_request_refusals.py,smoke,pass (2026-10-10): answers 200 after a refused upload,F-002;F-014;F-220
endpoint,POST /api/v1/public/document-requests/{token},[CRITICAL:upload] upload_requested_document [public_document_requests.py:40] auth=public_token scope=none (no existing API test),any,token holder,backend/tests/engines/test_public_document_request_refusals.py;backend/tests/engines/test_blocking_io_does_not_freeze_the_api_live.py,deep,"pass (2026-10-10): empty 422, oversized 413, link stays open; upload off the event loop",F-002;F-014;F-220;F-218
endpoint,POST /api/v1/workspaces/{workspace_id}/work-items/{work_item_id}/redactions,start_redaction [redactions.py:158] auth=user_jwt scope=workspace (no existing API test),enterprise,ws:CONTRIBUTOR+,backend/tests/engines,deep,"pass (engines, Phase 4)",F-002
endpoint,GET /api/v1/workspaces/{workspace_id}/redactions/{job_id},get_redaction [redactions.py:206] auth=user_jwt scope=workspace (no existing API test),enterprise,ws:VIEWER+,backend/tests/engines,deep,"pass (engines, Phase 4)",F-002
endpoint,GET /api/v1/workspaces/{workspace_id}/redactions/{job_id}/pages/{page_number}.png,preview_page [redactions.py:229] auth=user_jwt scope=workspace (no existing API test),enterprise,ws:VIEWER+,backend/tests/security/test_cross_tenant_sweep.py;backend/tests/security/test_plan_gating_server_side.py;backend/tests/security/test_role_matrix.py,smoke,"pass 2026-10-06 (backend suite, Phase 5): 8 passing test(s) drove it; responses 401,402,404",F-002
endpoint,PATCH /api/v1/workspaces/{workspace_id}/redactions/{job_id}/regions/{region_id},toggle_region [redactions.py:281] auth=user_jwt scope=workspace (no existing API test),enterprise,ws:CONTRIBUTOR+,backend/tests/security/test_cross_tenant_sweep.py;backend/tests/security/test_plan_gating_server_side.py;backend/tests/security/test_role_matrix.py,smoke,"pass 2026-10-06 (backend suite, Phase 5): 7 passing test(s) drove it; responses 401,402,403,404",F-002
endpoint,POST /api/v1/workspaces/{workspace_id}/redactions/{job_id}/regions,add_region [redactions.py:318] auth=user_jwt scope=workspace (no existing API test),enterprise,ws:CONTRIBUTOR+,backend/tests/engines;frontend/e2e/tests/24-phase2-processing.spec.ts,deep,"pass (engines, Phase 4)",F-002;F-181
endpoint,POST /api/v1/workspaces/{workspace_id}/redactions/{job_id}/apply,apply_redaction [redactions.py:364] auth=user_jwt scope=workspace (no existing API test),enterprise,ws:ADMIN+,backend/tests/engines,deep,"pass (engines, Phase 4)",F-002
endpoint,GET /api/v1/workspaces/{workspace_id}/redactions/{job_id}/bundle,get_bundle [redactions.py:399] auth=user_jwt scope=workspace (no existing API test),enterprise,ws:VIEWER+,backend/tests/engines,deep,"pass (engines, Phase 4)",F-002
endpoint,GET /api/v1/workspaces/{workspace_id}/review,[CRITICAL:review-queue] list_reviews [review.py:242] auth=user_jwt scope=workspace (no existing API test),any (per-kind: items filtered by each kind's capability),ws:CONTRIBUTOR+,backend/tests/engines;frontend/e2e/tests/13-automation-review.spec.ts,deep,"pass (final systemic polish, 2026-10-07)",F-002;F-127
endpoint,GET /api/v1/workspaces/{workspace_id}/review/assignees,[CRITICAL:review-queue] list_assignees [review.py:309] auth=user_jwt scope=workspace (no existing API test),any,ws:CONTRIBUTOR+,backend/tests/engines,deep,"pass (engines, Phase 4)",F-002
endpoint,POST /api/v1/workspaces/{workspace_id}/review/bulk,[CRITICAL:review-queue] bulk [review.py:351] auth=user_jwt scope=workspace (no existing API test),any (per-kind: items filtered by each kind's capability),ws:CONTRIBUTOR+,backend/tests/engines,deep,"pass (engines, Phase 4)",F-002
endpoint,POST /api/v1/workspaces/{workspace_id}/review/{kind}/{item_id}/resolve,[CRITICAL:review-queue] resolve_one [review.py:459] auth=user_jwt scope=workspace (no existing API test),any (per-kind: items filtered by each kind's capability),ws:CONTRIBUTOR+,backend/tests/engines,deep,"pass (engines, Phase 4)",F-002
endpoint,POST /api/v1/workspaces/{workspace_id}/review/{kind}/{item_id}/assign,[CRITICAL:review-queue] assign_one [review.py:507] auth=user_jwt scope=workspace (no existing API test),any (per-kind: items filtered by each kind's capability),ws:CONTRIBUTOR+,backend/tests/engines,deep,"pass (engines, Phase 4)",F-002
endpoint,DELETE /api/v1/workspaces/{workspace_id}/review/{kind}/{item_id}/assign,[CRITICAL:review-queue] unassign_one [review.py:542] auth=user_jwt scope=workspace (no existing API test),any (per-kind: items filtered by each kind's capability),ws:CONTRIBUTOR+,backend/tests/security/test_cross_tenant_sweep.py;backend/tests/security/test_role_matrix.py,smoke,"pass 2026-10-06 (backend suite, Phase 5): 5 passing test(s) drove it; responses 401,403,404",F-002
endpoint,GET /api/v1/workspaces/{workspace_id}/review/collab/state,[CRITICAL:review-queue] live_state [review_collab.py:139] auth=user_jwt scope=workspace (no existing API test),any (UNGATED in a enterprise-plan module),ws:CONTRIBUTOR+,backend/tests/engines,deep,"pass (engines, Phase 4)",F-002;F-004
endpoint,GET /api/v1/workspaces/{workspace_id}/review/collab/{kind}/{item_id}/threads,[CRITICAL:review-queue] list_threads [review_collab.py:160] auth=user_jwt scope=workspace (no existing API test),enterprise,ws:CONTRIBUTOR+,backend/tests/security/test_cross_tenant_sweep.py;backend/tests/security/test_role_matrix.py,smoke,"pass 2026-10-06 (backend suite, Phase 5): 7 passing test(s) drove it; responses 400,401,402,403,404",F-002
endpoint,POST /api/v1/workspaces/{workspace_id}/review/collab/{kind}/{item_id}/threads,[CRITICAL:review-queue] start_thread [review_collab.py:173] auth=user_jwt scope=workspace (no existing API test),enterprise,ws:CONTRIBUTOR+,backend/tests/security/test_cross_tenant_sweep.py;backend/tests/security/test_role_matrix.py,smoke,"pass 2026-10-06 (backend suite, Phase 5): 5 passing test(s) drove it; responses 401,403,404",F-002
endpoint,GET /api/v1/workspaces/{workspace_id}/review/collab/{kind}/{item_id}/paragraphs,[CRITICAL:review-queue] list_paragraphs [review_collab.py:196] auth=user_jwt scope=workspace (no existing API test),enterprise,ws:CONTRIBUTOR+,backend/tests/security/test_cross_tenant_sweep.py;backend/tests/security/test_role_matrix.py,smoke,"pass 2026-10-06 (backend suite, Phase 5): 7 passing test(s) drove it; responses 400,401,402,403,404",F-002
endpoint,POST /api/v1/workspaces/{workspace_id}/review/collab/threads/{thread_id}/comments,[CRITICAL:review-queue] reply [review_collab.py:211] auth=user_jwt scope=workspace (no existing API test),enterprise,ws:CONTRIBUTOR+,backend/tests/engines,smoke,"refusal proven (engines, Phase 4)",F-002
endpoint,POST /api/v1/workspaces/{workspace_id}/review/collab/threads/{thread_id}/resolve,[CRITICAL:review-queue] resolve_thread [review_collab.py:245] auth=user_jwt scope=workspace (no existing API test),enterprise,ws:CONTRIBUTOR+,backend/tests/engines,smoke,"refusal proven (engines, Phase 4)",F-002
endpoint,POST /api/v1/workspaces/{workspace_id}/review/collab/threads/{thread_id}/reopen,[CRITICAL:review-queue] reopen_thread [review_collab.py:252] auth=user_jwt scope=workspace (no existing API test),enterprise,ws:CONTRIBUTOR+,backend/tests/engines,smoke,"refusal proven (engines, Phase 4)",F-002
endpoint,PATCH /api/v1/workspaces/{workspace_id}/review/collab/comments/{comment_id},[CRITICAL:review-queue] edit_comment [review_collab.py:259] auth=user_jwt scope=workspace (no existing API test),enterprise,ws:CONTRIBUTOR+,backend/tests/engines,smoke,"refusal proven (engines, Phase 4)",F-002
endpoint,DELETE /api/v1/workspaces/{workspace_id}/review/collab/comments/{comment_id},[CRITICAL:review-queue] delete_comment [review_collab.py:278] auth=user_jwt scope=workspace (no existing API test),enterprise,ws:CONTRIBUTOR+,backend/tests/engines,smoke,"refusal proven (engines, Phase 4)",F-002
endpoint,POST /api/v1/workspaces/{workspace_id}/review/collab/{kind}/{item_id}/lock/break,[CRITICAL:review-queue] break_lock [review_collab.py:303] auth=user_jwt scope=workspace (no existing API test),enterprise,ws:ADMIN+,backend/tests/security/test_cross_tenant_sweep.py;backend/tests/security/test_role_matrix.py,smoke,"pass 2026-10-06 (backend suite, Phase 5): 6 passing test(s) drove it; responses 401,403,404",F-002
endpoint,WEBSOCKET /api/v1/workspaces/{workspace_id}/review/collab/live,[CRITICAL:review-queue] live [review_collab.py:332] auth=public scope=workspace (no existing API test),any (UNGATED in a enterprise-plan module),anonymous,,untested,,F-002;F-004;F-012
endpoint,GET /api/v1/saml/metadata,[CRITICAL:auth] sp_metadata [saml.py:239] auth=public scope=none,any,anonymous,existing:tests/security/test_saml_xsw_rig.py,untested,,
endpoint,GET /api/v1/sso/discover,[CRITICAL:auth] discover [saml.py:262] auth=public scope=none,any,anonymous,existing:tests/security/test_saml_xsw_rig.py,untested,,
endpoint,GET /api/v1/sso/start,[CRITICAL:auth] start_sso [saml.py:279] auth=public scope=none,any,anonymous,existing:tests/security/test_saml_xsw_rig.py,untested,,
endpoint,POST /api/v1/saml/acs,[CRITICAL:auth] assertion_consumer_service [saml.py:346] auth=public scope=none,any,anonymous,existing:tests/security/test_saml_xsw_rig.py,untested,,
endpoint,POST /api/v1/saml/slo,[CRITICAL:auth] single_logout [saml.py:517] auth=public scope=none,any,anonymous,existing:tests/security/test_saml_xsw_rig.py;backend/tests/engines/test_saml_logout_must_be_signed_live.py,deep,"pass (Phase 3, live, 2026-10-08): unsigned and foreign-signed refused (403), IdP-signed accepted",F-205
endpoint,GET /api/v1/oidc/callback,[CRITICAL:auth] oidc_callback [saml.py:544] auth=public scope=none,any,anonymous,existing:tests/security/test_saml_xsw_rig.py,untested,,
endpoint,GET /scim/v2/ServiceProviderConfig,[CRITICAL:auth] service_provider_config [scim.py:104] auth=scim_token scope=none,any,SCIM bearer token,existing:tests/api/test_arch16_scim_dunning.py,untested,,
endpoint,GET /scim/v2/ResourceTypes,[CRITICAL:auth] resource_types [scim.py:109] auth=scim_token scope=none,any,SCIM bearer token,existing:tests/api/test_arch16_scim_dunning.py,untested,,
endpoint,GET /scim/v2/Schemas,[CRITICAL:auth] schemas [scim.py:127] auth=scim_token scope=none,any,SCIM bearer token,existing:tests/api/test_arch16_scim_dunning.py,untested,,
endpoint,GET /scim/v2/Users,[CRITICAL:auth] list_users [scim.py:145] auth=scim_token scope=none,any,SCIM bearer token,existing:tests/api/test_arch16_scim_dunning.py,untested,,
endpoint,GET /scim/v2/Users/{resource_id},[CRITICAL:auth] get_user [scim.py:158] auth=scim_token scope=none,any,SCIM bearer token,existing:tests/api/test_arch16_scim_dunning.py;backend/tests/api/test_arch16_scim_dunning.py,smoke,"pass 2026-10-06 (backend suite, Phase 5): 2 passing test(s) drove it; responses 200,404",
endpoint,POST /scim/v2/Users,[CRITICAL:auth] create_user [scim.py:168] auth=scim_token scope=none,any,SCIM bearer token,existing:tests/api/test_arch16_scim_dunning.py,untested,,
endpoint,PUT /scim/v2/Users/{resource_id},[CRITICAL:auth] replace_user [scim.py:180] auth=scim_token scope=none,any,SCIM bearer token,existing:tests/api/test_arch16_scim_dunning.py,untested,,
endpoint,PATCH /scim/v2/Users/{resource_id},[CRITICAL:auth] patch_user [scim.py:195] auth=scim_token scope=none,any,SCIM bearer token,existing:tests/api/test_arch16_scim_dunning.py,untested,,
endpoint,DELETE /scim/v2/Users/{resource_id},[CRITICAL:auth] delete_user [scim.py:206] auth=scim_token scope=none,any,SCIM bearer token,existing:tests/api/test_arch16_scim_dunning.py,untested,,
endpoint,GET /scim/v2/Groups,[CRITICAL:auth] list_groups [scim.py:220] auth=scim_token scope=none,any,SCIM bearer token,existing:tests/api/test_arch16_scim_dunning.py,untested,,
endpoint,GET /scim/v2/Groups/{resource_id},[CRITICAL:auth] get_group [scim.py:233] auth=scim_token scope=none,any,SCIM bearer token,existing:tests/api/test_arch16_scim_dunning.py,untested,,
endpoint,POST /scim/v2/Groups,[CRITICAL:auth] create_group [scim.py:243] auth=scim_token scope=none,any,SCIM bearer token,existing:tests/api/test_arch16_scim_dunning.py,untested,,
endpoint,PATCH /scim/v2/Groups/{resource_id},[CRITICAL:auth] patch_group [scim.py:255] auth=scim_token scope=none,any,SCIM bearer token,existing:tests/api/test_arch16_scim_dunning.py,untested,,
endpoint,DELETE /scim/v2/Groups/{resource_id},[CRITICAL:auth] delete_group [scim.py:266] auth=scim_token scope=none,any,SCIM bearer token,existing:tests/api/test_arch16_scim_dunning.py,untested,,
endpoint,GET /api/v1/organizations/{organization_id}/slos,list_organization_slos [slos.py:61] auth=user_jwt scope=organization,any,"org:OWNER,ADMIN",existing:tests/api/test_slo_endpoints.py;backend/tests/api/test_slo_endpoints.py;backend/tests/security/test_cross_tenant_sweep.py;backend/tests/security/test_role_matrix.py,smoke,"pass 2026-10-06 (backend suite, Phase 5): 21 passing test(s) drove it; responses 200,401,403,404",
endpoint,PUT /api/v1/organizations/{organization_id}/slos/{slo_key},set_organization_slo [slos.py:109] auth=user_jwt scope=organization,any,"org:OWNER,ADMIN",existing:tests/api/test_slo_endpoints.py;backend/tests/api/test_slo_endpoints.py;backend/tests/security/test_cross_tenant_sweep.py;backend/tests/security/test_role_matrix.py,deep,"pass (final release, 2026-10-06)",F-005
endpoint,DELETE /api/v1/organizations/{organization_id}/slos/{slo_key},delete_organization_slo [slos.py:161] auth=user_jwt scope=organization,any,"org:OWNER,ADMIN",existing:tests/api/test_slo_endpoints.py;backend/tests/api/test_slo_endpoints.py;backend/tests/security/test_cross_tenant_sweep.py;backend/tests/security/test_role_matrix.py,smoke,"pass 2026-10-06 (backend suite, Phase 5): 7 passing test(s) drove it; responses 204,401,403,404",
endpoint,GET /api/v1/workspaces/{workspace_id}/tables,list_tables [tables.py:144] auth=user_jwt scope=workspace (no existing API test),business,ws:VIEWER+,backend/tests/engines,deep,"pass (engines, Phase 4)",F-002
endpoint,GET /api/v1/workspaces/{workspace_id}/tables/{table_id},get_table [tables.py:161] auth=user_jwt scope=workspace (no existing API test),business,ws:VIEWER+,backend/tests/engines,deep,"pass (engines, Phase 4)",F-002
endpoint,GET /api/v1/workspaces/{workspace_id}/tables/{table_id}/export,export_table [tables.py:169] auth=user_jwt scope=workspace (no existing API test),business,ws:VIEWER+,backend/tests/engines,deep,"pass (engines, Phase 4)",F-002
endpoint,PATCH /api/v1/workspaces/{workspace_id}/tables/{table_id}/cells,correct_table_cells [tables.py:188] auth=user_jwt scope=workspace (no existing API test),business,ws:CONTRIBUTOR+,backend/tests/engines,deep,"pass (engines, Phase 4)",F-002
endpoint,PUT /api/v1/workspaces/{workspace_id}/tables/{table_id}/columns/{col}/role,set_table_column_role [tables.py:202] auth=user_jwt scope=workspace (no existing API test),business,ws:CONTRIBUTOR+,backend/tests/security/test_cross_tenant_sweep.py;backend/tests/security/test_plan_gating_server_side.py;backend/tests/security/test_role_matrix.py,smoke,"pass 2026-10-06 (backend suite, Phase 5): 7 passing test(s) drove it; responses 401,402,403,404",F-002
endpoint,POST /api/v1/workspaces/{workspace_id}/tables/{table_id}/review,review_table [tables.py:216] auth=user_jwt scope=workspace (no existing API test),business,ws:CONTRIBUTOR+,backend/tests/engines,deep,"pass (engines, Phase 4)",F-002
endpoint,GET /api/v1/workspaces/{workspace_id}/work-items/{work_item_id}/tables,document_tables [tables.py:233] auth=user_jwt scope=workspace (no existing API test),business,ws:VIEWER+,backend/tests/engines,deep,"pass (engines, Phase 4)",F-002
endpoint,POST /api/v1/workspaces/{workspace_id}/work-items/{work_item_id}/tables/extract,extract_document_tables [tables.py:245] auth=user_jwt scope=workspace (no existing API test),business,ws:CONTRIBUTOR+,backend/tests/engines,smoke,"refusal proven (engines, Phase 4)",F-002
endpoint,GET /api/v1/workspaces/{workspace_id}/work-items/{work_item_id}/tables/export,export_document_tables [tables.py:268] auth=user_jwt scope=workspace (no existing API test),business,ws:VIEWER+,backend/tests/engines,smoke,"refusal proven (engines, Phase 4)",F-002
endpoint,GET /api/v1/organizations/{organization_id}/branding,get_branding [tenant_branding.py:163] auth=user_jwt scope=organization,any (UNGATED in a developer-plan module),"org:OWNER,ADMIN",backend/tests/api/test_not_configured_is_not_an_error.py,deep,"pass (Phase 5, 2026-10-06)",F-060
endpoint,PUT /api/v1/organizations/{organization_id}/branding,update_branding [tenant_branding.py:178] auth=user_jwt scope=organization,developer,"org:OWNER,ADMIN",backend/tests/api/test_arch25_endpoints.py;backend/tests/security/test_cross_tenant_sweep.py;backend/tests/security/test_plan_gating_server_side.py,smoke,"pass 2026-10-06 (backend suite, Phase 5): 23 passing test(s) drove it; responses 200,401,402,403,404,422",
endpoint,POST /api/v1/organizations/{organization_id}/branding/logo,upload_logo [tenant_branding.py:245] auth=user_jwt scope=organization,developer,"org:OWNER,ADMIN",backend/tests/api/test_not_configured_is_not_an_error.py,deep,"pass (Phase 5, 2026-10-06)",F-058
endpoint,POST /api/v1/organizations/{organization_id}/branding/favicon,upload_favicon [tenant_branding.py:264] auth=user_jwt scope=organization,developer,"org:OWNER,ADMIN",backend/tests/security/test_cross_tenant_sweep.py;backend/tests/security/test_idor_child_entities.py;backend/tests/security/test_plan_gating_server_side.py,smoke,"pass 2026-10-06 (backend suite, Phase 5): 12 passing test(s) drove it; responses 200,401,402,403,404,422",
endpoint,DELETE /api/v1/organizations/{organization_id}/branding/logo,clear_logo [tenant_branding.py:314] auth=user_jwt scope=organization,any (UNGATED in a developer-plan module),"org:OWNER,ADMIN",backend/tests/security/test_cross_tenant_sweep.py;backend/tests/security/test_plan_gating_server_side.py;backend/tests/security/test_role_matrix.py,smoke,"pass 2026-10-06 (backend suite, Phase 5): 8 passing test(s) drove it; responses 200,401,403,404",
endpoint,DELETE /api/v1/organizations/{organization_id}/branding/favicon,clear_favicon [tenant_branding.py:330] auth=user_jwt scope=organization,any (UNGATED in a developer-plan module),"org:OWNER,ADMIN",backend/tests/security/test_cross_tenant_sweep.py;backend/tests/security/test_plan_gating_server_side.py;backend/tests/security/test_role_matrix.py,smoke,"pass 2026-10-06 (backend suite, Phase 5): 8 passing test(s) drove it; responses 200,401,403,404",
endpoint,PUT /api/v1/organizations/{organization_id}/branding/sender-domain,set_sender_domain [tenant_branding.py:348] auth=user_jwt scope=organization,business,"org:OWNER,ADMIN",backend/tests/api/test_arch25_endpoints.py;backend/tests/security/test_cross_tenant_sweep.py;backend/tests/security/test_plan_gating_server_side.py,smoke,"pass 2026-10-06 (backend suite, Phase 5): 10 passing test(s) drove it; responses 200,401,402,403,404",
endpoint,POST /api/v1/organizations/{organization_id}/branding/sender-domain/verify,verify_sender_domain [tenant_branding.py:383] auth=user_jwt scope=organization,any (UNGATED in a developer-plan module),"org:OWNER,ADMIN",backend/tests/api/test_arch25_endpoints.py;backend/tests/security/test_cross_tenant_sweep.py;backend/tests/security/test_idor_child_entities.py,smoke,"pass 2026-10-06 (backend suite, Phase 5): 14 passing test(s) drove it; responses 200,401,402,403,404,409",
endpoint,GET /api/v1/branding/manifest,branding_manifest [tenant_branding.py:441] auth=public scope=none,any (UNGATED in a developer-plan module),anonymous,backend/tests/api/test_arch25_endpoints.py,smoke,"pass 2026-10-06 (backend suite, Phase 5): 4 passing test(s) drove it; responses 200",
endpoint,GET /api/v1/branding/logo,branding_logo [tenant_branding.py:493] auth=public scope=none,any (UNGATED in a developer-plan module),anonymous,backend/tests/api/test_not_configured_is_not_an_error.py,smoke,"pass 2026-10-06 (backend suite, Phase 5): 1 passing test(s) drove it; responses 404",
endpoint,GET /api/v1/branding/favicon,branding_favicon [tenant_branding.py:500] auth=public scope=none,any (UNGATED in a developer-plan module),anonymous,,untested,,
endpoint,POST /api/v1/workspaces/{workspace_id}/upload/logo,[CRITICAL:upload] upload_logo [upload.py:90] auth=user_jwt scope=workspace,any,ws:ADMIN+,existing:tests/api/test_upload_authorization.py;existing:tests/api/test_logo_route.py;backend/tests/api/test_upload_authorization.py;backend/tests/security/test_cross_tenant_sweep.py;backend/tests/security/test_idor_child_entities.py,smoke,"pass 2026-10-06 (backend suite, Phase 5): 11 passing test(s) drove it; responses 401,403,404,422",
endpoint,DELETE /api/v1/workspaces/{workspace_id}/upload/logo,[CRITICAL:upload] delete_logo [upload.py:147] auth=user_jwt scope=workspace,any,ws:ADMIN+,existing:tests/api/test_upload_authorization.py;existing:tests/api/test_logo_route.py;backend/tests/security/test_cross_tenant_sweep.py;backend/tests/security/test_role_matrix.py,smoke,"pass 2026-10-06 (backend suite, Phase 5): 6 passing test(s) drove it; responses 401,403,404",
endpoint,GET /api/v1/workspaces/{workspace_id}/logo,[CRITICAL:upload] get_workspace_logo [upload.py:183] auth=user_jwt scope=workspace,any,ws:VIEWER+,existing:tests/api/test_upload_authorization.py;existing:tests/api/test_logo_route.py;backend/tests/engines;frontend/e2e/tests/17-identity-images.spec.ts,deep,"pass (final systemic polish, 2026-10-07)",F-136
endpoint,GET /api/v1/organizations/{organization_id}/usage/summary,[CRITICAL:billing] get_usage_summary [usage.py:85] auth=user_jwt scope=organization,any,"org:OWNER,ADMIN",existing:tests/api/test_arch14_gate_14_7_usage_api.py;backend/tests/api/test_arch14_gate_14_7_usage_api.py;backend/tests/security/test_cross_tenant_sweep.py;backend/tests/security/test_injection_sweep.py;backend/tests/api/test_billing_role_reads_usage.py,deep,"pass (Phase 3, live, 2026-10-08): OWNER, ADMIN, BILLING read",F-192
endpoint,GET /api/v1/organizations/{organization_id}/usage/series,[CRITICAL:billing] get_usage_series [usage.py:108] auth=user_jwt scope=organization,any,"org:OWNER,ADMIN",existing:tests/api/test_arch14_gate_14_7_usage_api.py;backend/tests/api/test_arch14_gate_14_7_usage_api.py;backend/tests/security/test_cross_tenant_sweep.py;backend/tests/security/test_injection_sweep.py;backend/tests/api/test_billing_role_reads_usage.py,deep,"pass (Phase 3, live, 2026-10-08): OWNER, ADMIN, BILLING read",F-192
endpoint,GET /api/v1/organizations/{organization_id}/usage/limits,[CRITICAL:billing] get_usage_limits [usage.py:147] auth=user_jwt scope=organization,any,"org:OWNER,ADMIN",existing:tests/api/test_arch14_gate_14_7_usage_api.py;backend/tests/api/test_arch14_gate_14_7_usage_api.py;backend/tests/security/test_cross_tenant_sweep.py;backend/tests/security/test_role_matrix.py;backend/tests/api/test_billing_role_reads_usage.py,deep,"pass (Phase 3, live, 2026-10-08): OWNER, ADMIN, BILLING read",F-192
endpoint,GET /api/v1/organizations/{organization_id}/usage-limits,[CRITICAL:billing] list_usage_limits [usage.py:195] auth=user_jwt scope=organization,any,"org:OWNER,ADMIN",existing:tests/api/test_arch14_gate_14_7_usage_api.py;backend/tests/api/test_arch0g_endpoints.py;backend/tests/security/test_cross_tenant_sweep.py;backend/tests/security/test_role_matrix.py;backend/tests/api/test_billing_role_reads_usage.py,deep,"pass (Phase 3, live, 2026-10-08): OWNER, ADMIN, BILLING read",F-192
endpoint,PUT /api/v1/organizations/{organization_id}/usage-limits,[CRITICAL:billing] update_usage_limit [usage.py:223] auth=user_jwt scope=organization,any,"org:OWNER,ADMIN",existing:tests/api/test_arch14_gate_14_7_usage_api.py;backend/tests/api/test_arch0g_endpoints.py;backend/tests/security/test_cross_tenant_sweep.py;backend/tests/security/test_role_matrix.py,smoke,"pass 2026-10-06 (backend suite, Phase 5): 14 passing test(s) drove it; responses 200,400,401,403,404,422",
endpoint,GET /api/v1/workspaces/{workspace_id}/usage/summary,[CRITICAL:billing] get_workspace_usage_summary [usage.py:263] auth=user_jwt scope=workspace,any,ws:VIEWER+,existing:tests/api/test_arch14_gate_14_7_usage_api.py;backend/tests/engines,deep,"pass (engines, Phase 4)",
endpoint,GET /api/v1/workspaces/{workspace_id}/usage/series,[CRITICAL:billing] get_workspace_usage_series [usage.py:283] auth=user_jwt scope=workspace,any,ws:VIEWER+,existing:tests/api/test_arch14_gate_14_7_usage_api.py;backend/tests/engines,deep,"pass (engines, Phase 4)",
endpoint,GET /api/v1/workspaces/{workspace_id}/verifications,[CRITICAL:review-queue] list_verifications [verifications.py:64] auth=user_jwt scope=workspace,any,ws:CONTRIBUTOR+,existing:tests/api/test_arch13_gate_13_8_verification_api.py;backend/tests/engines;backend/tests/api/test_verification_queue_order.py,deep,"pass (final systemic polish, 2026-10-07)",F-127
endpoint,GET /api/v1/workspaces/{workspace_id}/verifications/{verification_id},[CRITICAL:review-queue] get_verification [verifications.py:93] auth=user_jwt scope=workspace,any,ws:CONTRIBUTOR+,existing:tests/api/test_arch13_gate_13_8_verification_api.py;backend/tests/engines,smoke,"refusal proven (engines, Phase 4)",
endpoint,POST /api/v1/workspaces/{workspace_id}/verifications/{verification_id}/resolve,[CRITICAL:review-queue] resolve_verification [verifications.py:112] auth=user_jwt scope=workspace,any,ws:CONTRIBUTOR+,existing:tests/api/test_arch13_gate_13_8_verification_api.py;backend/tests/engines,smoke,"refusal proven (engines, Phase 4)",
endpoint,GET /api/v1/organizations/{organization_id}/analytics/destinations,list_destinations [warehouse_sync.py:187] auth=user_jwt scope=organization,any (UNGATED in a business(addon.warehouse_sync)-plan module),"org:OWNER,ADMIN",backend/tests/api/test_arch26_endpoints.py;backend/tests/security/test_cross_tenant_sweep.py;backend/tests/security/test_plan_gating_server_side.py,smoke,"pass 2026-10-06 (backend suite, Phase 5): 15 passing test(s) drove it; responses 200,401,403,404",
endpoint,POST /api/v1/organizations/{organization_id}/analytics/destinations,create_destination [warehouse_sync.py:206] auth=user_jwt scope=organization,business(addon.warehouse_sync),org:OWNER,backend/tests/api/test_arch26_endpoints.py;backend/tests/security/test_cross_tenant_sweep.py;backend/tests/security/test_idor_child_entities.py,smoke,"pass 2026-10-06 (backend suite, Phase 5): 36 passing test(s) drove it; responses 201,401,402,403,404,409,422",
endpoint,GET /api/v1/organizations/{organization_id}/analytics/destinations/{destination_id},get_destination [warehouse_sync.py:251] auth=user_jwt scope=organization,any (UNGATED in a business(addon.warehouse_sync)-plan module),"org:OWNER,ADMIN",backend/tests/api/test_arch26_endpoints.py;backend/tests/security/test_cross_tenant_sweep.py;backend/tests/security/test_idor_child_entities.py,smoke,"pass 2026-10-06 (backend suite, Phase 5): 17 passing test(s) drove it; responses 200,401,403,404",
endpoint,PATCH /api/v1/organizations/{organization_id}/analytics/destinations/{destination_id},update_destination [warehouse_sync.py:271] auth=user_jwt scope=organization,business(addon.warehouse_sync),org:OWNER,backend/tests/api/test_arch26_endpoints.py;backend/tests/security/test_cross_tenant_sweep.py;backend/tests/security/test_idor_child_entities.py,smoke,"pass 2026-10-06 (backend suite, Phase 5): 14 passing test(s) drove it; responses 200,400,401,402,403,404,422",
endpoint,DELETE /api/v1/organizations/{organization_id}/analytics/destinations/{destination_id},delete_destination [warehouse_sync.py:316] auth=user_jwt scope=organization,any (UNGATED in a business(addon.warehouse_sync)-plan module),org:OWNER,backend/tests/api/test_arch26_endpoints.py;backend/tests/security/test_cross_tenant_sweep.py;backend/tests/security/test_idor_child_entities.py,smoke,"pass 2026-10-06 (backend suite, Phase 5): 12 passing test(s) drove it; responses 204,401,403,404",
endpoint,POST /api/v1/organizations/{organization_id}/analytics/destinations/{destination_id}/test,test_destination [warehouse_sync.py:343] auth=user_jwt scope=organization,business(addon.warehouse_sync),org:OWNER,backend/tests/api/test_arch26_endpoints.py;backend/tests/security/test_cross_tenant_sweep.py;backend/tests/security/test_idor_child_entities.py,smoke,"pass 2026-10-06 (backend suite, Phase 5): 14 passing test(s) drove it; responses 200,401,402,403,404",
endpoint,GET /api/v1/organizations/{organization_id}/analytics/schedules,list_schedules [warehouse_sync.py:385] auth=user_jwt scope=organization,any (UNGATED in a business(addon.warehouse_sync)-plan module),"org:OWNER,ADMIN",backend/tests/api/test_arch26_endpoints.py;backend/tests/security/test_cross_tenant_sweep.py;backend/tests/security/test_plan_gating_server_side.py,smoke,"pass 2026-10-06 (backend suite, Phase 5): 13 passing test(s) drove it; responses 200,401,403,404",
endpoint,POST /api/v1/organizations/{organization_id}/analytics/schedules,create_schedule [warehouse_sync.py:415] auth=user_jwt scope=organization,business(addon.warehouse_sync),org:OWNER,backend/tests/api/test_arch26_endpoints.py;backend/tests/security/test_cross_tenant_sweep.py;backend/tests/security/test_idor_child_entities.py,smoke,"pass 2026-10-06 (backend suite, Phase 5): 18 passing test(s) drove it; responses 201,401,402,403,404,409,422",
endpoint,PATCH /api/v1/organizations/{organization_id}/analytics/schedules/{schedule_id},update_schedule [warehouse_sync.py:480] auth=user_jwt scope=organization,business(addon.warehouse_sync),org:OWNER,backend/tests/security/test_cross_tenant_sweep.py;backend/tests/security/test_plan_gating_server_side.py;backend/tests/security/test_role_matrix.py,smoke,"pass 2026-10-06 (backend suite, Phase 5): 9 passing test(s) drove it; responses 401,402,403,404",
endpoint,DELETE /api/v1/organizations/{organization_id}/analytics/schedules/{schedule_id},delete_schedule [warehouse_sync.py:538] auth=user_jwt scope=organization,any (UNGATED in a business(addon.warehouse_sync)-plan module),org:OWNER,backend/tests/security/test_cross_tenant_sweep.py;backend/tests/security/test_plan_gating_server_side.py;backend/tests/security/test_role_matrix.py,smoke,"pass 2026-10-06 (backend suite, Phase 5): 9 passing test(s) drove it; responses 401,403,404",
endpoint,POST /api/v1/organizations/{organization_id}/analytics/sync,trigger_sync [warehouse_sync.py:571] auth=user_jwt scope=organization,business(addon.warehouse_sync),org:OWNER,backend/tests/api/test_arch26_endpoints.py;backend/tests/security/test_cross_tenant_sweep.py;backend/tests/security/test_idor_child_entities.py,smoke,"pass 2026-10-06 (backend suite, Phase 5): 16 passing test(s) drove it; responses 202,401,402,403,404,409",
endpoint,GET /api/v1/organizations/{organization_id}/analytics/runs,list_runs [warehouse_sync.py:626] auth=user_jwt scope=organization,any (UNGATED in a business(addon.warehouse_sync)-plan module),"org:OWNER,ADMIN",backend/tests/api/test_arch26_endpoints.py;backend/tests/security/test_cross_tenant_sweep.py;backend/tests/security/test_injection_sweep.py,smoke,"pass 2026-10-06 (backend suite, Phase 5): 15 passing test(s) drove it; responses 200,401,403,404,422",
endpoint,GET /api/v1/organizations/{organization_id}/analytics/consumption,consumption [warehouse_sync.py:653] auth=user_jwt scope=organization,any (UNGATED in a business(addon.warehouse_sync)-plan module),"org:OWNER,ADMIN",backend/tests/api/test_arch26_endpoints.py;backend/tests/security/test_cross_tenant_sweep.py;backend/tests/security/test_injection_sweep.py,smoke,"pass 2026-10-06 (backend suite, Phase 5): 12 passing test(s) drove it; responses 200,401,403,404,422",
endpoint,GET /api/v1/organizations/{organization_id}/analytics/datasets,list_datasets [warehouse_sync.py:724] auth=user_jwt scope=organization,any (UNGATED in a business(addon.warehouse_sync)-plan module),"org:OWNER,ADMIN",backend/tests/api/test_arch26_endpoints.py;backend/tests/security/test_cross_tenant_sweep.py;backend/tests/security/test_plan_gating_server_side.py,smoke,"pass 2026-10-06 (backend suite, Phase 5): 12 passing test(s) drove it; responses 200,401,403,404",
endpoint,POST /api/v1/organizations/{organization_id}/webhooks/endpoints,[CRITICAL:api-keys-webhooks] create_endpoint [webhooks.py:255] auth=user_jwt scope=organization (no existing API test),developer,"scope:ApiKeyScope.WEBHOOKS_WRITE;org:OWNER,ADMIN",backend/tests/engines,deep,"pass (engines, Phase 4)",F-002;F-015
endpoint,GET /api/v1/organizations/{organization_id}/webhooks/endpoints,[CRITICAL:api-keys-webhooks] list_endpoints [webhooks.py:286] auth=user_jwt scope=organization (no existing API test),any (UNGATED in a developer-plan module),"scope:ApiKeyScope.WEBHOOKS_READ;org:OWNER,ADMIN",backend/tests/security/test_cross_tenant_sweep.py;backend/tests/security/test_plan_gating_server_side.py;backend/tests/security/test_role_matrix.py,smoke,"pass 2026-10-06 (backend suite, Phase 5): 10 passing test(s) drove it; responses 200,401,403,404",F-002;F-015
endpoint,GET /api/v1/organizations/{organization_id}/webhooks/endpoints/{endpoint_id},[CRITICAL:api-keys-webhooks] get_endpoint [webhooks.py:305] auth=user_jwt scope=organization (no existing API test),any (UNGATED in a developer-plan module),"scope:ApiKeyScope.WEBHOOKS_READ;org:OWNER,ADMIN",backend/tests/engines,deep,"pass (engines, Phase 4)",F-002;F-015
endpoint,PATCH /api/v1/organizations/{organization_id}/webhooks/endpoints/{endpoint_id},[CRITICAL:api-keys-webhooks] update_endpoint [webhooks.py:318] auth=user_jwt scope=organization (no existing API test),developer,"scope:ApiKeyScope.WEBHOOKS_WRITE;org:OWNER,ADMIN",backend/tests/security/test_cross_tenant_sweep.py;backend/tests/security/test_plan_gating_server_side.py;backend/tests/security/test_role_matrix.py,smoke,"pass 2026-10-06 (backend suite, Phase 5): 8 passing test(s) drove it; responses 401,402,403,404",F-002;F-015
endpoint,DELETE /api/v1/organizations/{organization_id}/webhooks/endpoints/{endpoint_id},[CRITICAL:api-keys-webhooks] delete_endpoint [webhooks.py:362] auth=user_jwt scope=organization (no existing API test),any (UNGATED in a developer-plan module),"scope:ApiKeyScope.WEBHOOKS_WRITE;org:OWNER,ADMIN",backend/tests/security/test_cross_tenant_sweep.py;backend/tests/security/test_plan_gating_server_side.py;backend/tests/security/test_role_matrix.py,smoke,"pass 2026-10-06 (backend suite, Phase 5): 8 passing test(s) drove it; responses 401,403,404",F-002;F-015
endpoint,POST /api/v1/organizations/{organization_id}/webhooks/endpoints/{endpoint_id}/rotate-secret,[CRITICAL:api-keys-webhooks] rotate_secret [webhooks.py:381] auth=user_jwt scope=organization (no existing API test),developer,"scope:ApiKeyScope.WEBHOOKS_ADMIN;org:OWNER,ADMIN",backend/tests/security/test_cross_tenant_sweep.py;backend/tests/security/test_plan_gating_server_side.py;backend/tests/security/test_role_matrix.py,smoke,"pass 2026-10-06 (backend suite, Phase 5): 8 passing test(s) drove it; responses 401,402,403,404",F-002;F-015
endpoint,GET /api/v1/organizations/{organization_id}/webhooks/endpoints/{endpoint_id}/deliveries,[CRITICAL:api-keys-webhooks] list_deliveries [webhooks.py:406] auth=user_jwt scope=organization (no existing API test),any (UNGATED in a developer-plan module),"scope:ApiKeyScope.WEBHOOKS_READ;org:OWNER,ADMIN",backend/tests/engines,deep,"pass (engines, Phase 4)",F-002;F-015
endpoint,GET /api/v1/organizations/{organization_id}/webhooks/deliveries/{delivery_id}/attempts,[CRITICAL:api-keys-webhooks] list_attempts [webhooks.py:446] auth=user_jwt scope=organization (no existing API test),any (UNGATED in a developer-plan module),"scope:ApiKeyScope.WEBHOOKS_READ;org:OWNER,ADMIN",backend/tests/engines,deep,"pass (engines, Phase 4)",F-002;F-015
endpoint,POST /api/v1/organizations/{organization_id}/webhooks/deliveries/{delivery_id}/redeliver,[CRITICAL:api-keys-webhooks] redeliver [webhooks.py:472] auth=user_jwt scope=organization (no existing API test),developer,"scope:ApiKeyScope.WEBHOOKS_WRITE;org:OWNER,ADMIN",backend/tests/engines,smoke,"refusal proven (engines, Phase 4)",F-002;F-015
endpoint,POST /api/v1/workspaces/{workspace_id}/work-items,[CRITICAL:upload] upload_document [work_items.py:73] auth=user_jwt scope=workspace,any,ws:CONTRIBUTOR+,tests/security/test_upload_attacks.py; tests/security/test_upload_endpoint_filenames.py;backend/tests/engines;backend/tests/security/test_upload_storage_outage.py;backend/tests/engines/test_upload_duplicates_live.py;backend/tests/engines/test_blocking_io_does_not_freeze_the_api_live.py,deep,"pass (2026-10-10, live uvicorn): blocking step off the event loop, /health under 1 s",F-035;F-036;F-037;F-026;F-158;F-159;F-218
endpoint,GET /api/v1/workspaces/{workspace_id}/work-items,[CRITICAL:upload] list_work_items [work_items.py:150] auth=user_jwt scope=workspace,any,ws:VIEWER+,backend/tests/engines;backend/tests/api/test_work_item_list_filters.py,deep,"pass (Phase 1, 2026-10-08): total follows filters, literal search, stable order",F-155;F-156;F-157
endpoint,GET /api/v1/workspaces/{workspace_id}/work-items/{work_item_id},[CRITICAL:upload] get_work_item [work_items.py:190] auth=user_jwt scope=workspace,any,ws:VIEWER+,backend/tests/engines,smoke,"refusal proven (engines, Phase 4)",
endpoint,GET /api/v1/workspaces/{workspace_id}/work-items/{work_item_id}/content,[CRITICAL:upload] get_work_item_content [work_items.py:214] auth=user_jwt scope=workspace,any,ws:VIEWER+,backend/tests/engines,smoke,"refusal proven (engines, Phase 4)",
endpoint,POST /api/v1/workspaces/{workspace_id}/work-items/{work_item_id}/reprocess,[CRITICAL:upload] reprocess_work_item [work_items.py:387] auth=user_jwt scope=workspace,any,ws:CONTRIBUTOR+,backend/tests/engines,deep,"pass (engines, Phase 4)",
endpoint,POST /api/v1/workspaces/{workspace_id}/work-items/knowledge-base/reindex,[CRITICAL:upload] reindex_knowledge_base [work_items.py:454] auth=user_jwt scope=workspace,any,ws:ADMIN+,backend/tests/security/test_cross_tenant_sweep.py;backend/tests/security/test_idor_child_entities.py;backend/tests/security/test_role_matrix.py;backend/tests/engines/test_knowledge_reindex_live.py;frontend/e2e/tests/21-live-feedback.spec.ts,deep,"pass (live feedback, 2026-10-07): browser run to completion",F-128;F-129;F-141
endpoint,DELETE /api/v1/workspaces/{workspace_id}/work-items/{work_item_id},[CRITICAL:upload] delete_work_item [work_items.py:503] auth=user_jwt scope=workspace,any,ws:CONTRIBUTOR+,backend/tests/engines;backend/tests/api/test_legal_hold_enforcement.py;backend/tests/engines/test_document_delete_releases_file_live.py,deep,"pass (live feedback, 2026-10-07): stored file deleted",F-108;F-151
endpoint,GET /api/v1/workspaces/{workspace_id},[CRITICAL:team] get_workspace [workspaces.py:74] auth=user_jwt scope=workspace,any,any authenticated user,backend/tests/security/test_auth_token_attacks.py;backend/tests/security/test_cross_tenant_sweep.py;backend/tests/test_storage_boundary.py,smoke,"pass 2026-10-06 (backend suite, Phase 5): 19 passing test(s) drove it; responses 200,401,403,404",
endpoint,PATCH /api/v1/workspaces/{workspace_id},[CRITICAL:team] update_workspace [workspaces.py:86] auth=user_jwt scope=workspace,any,ws:ADMIN+,backend/tests/security/test_cross_tenant_sweep.py;backend/tests/security/test_role_matrix.py;backend/tests/test_tenant_isolation.py,smoke,"pass 2026-10-06 (backend suite, Phase 5): 13 passing test(s) drove it; responses 200,401,403,404",
endpoint,DELETE /api/v1/workspaces/{workspace_id}/logo,[CRITICAL:team] remove_workspace_logo [workspaces.py:113] auth=user_jwt scope=workspace,any,ws:ADMIN+,backend/tests/api/test_upload_authorization.py;backend/tests/security/test_cross_tenant_sweep.py;backend/tests/security/test_role_matrix.py,smoke,"pass 2026-10-06 (backend suite, Phase 5): 13 passing test(s) drove it; responses 200,401,403,404",
endpoint,GET /api/v1/workspaces/{workspace_id}/slug-available,[CRITICAL:team] check_workspace_slug [workspaces.py:133] auth=user_jwt scope=workspace,any,ws:ADMIN+,backend/tests/security/test_cross_tenant_sweep.py;backend/tests/security/test_injection_sweep.py;backend/tests/security/test_role_matrix.py,smoke,"pass 2026-10-06 (backend suite, Phase 5): 9 passing test(s) drove it; responses 200,401,403,404",
endpoint,POST /api/v1/workspaces/{workspace_id}/archive,[CRITICAL:team] archive_workspace [workspaces.py:163] auth=user_jwt scope=workspace,any,any authenticated user,backend/tests/security/test_cross_tenant_sweep.py;backend/tests/api/test_archive_lifecycle.py,deep,"pass (final systemic polish, 2026-10-07)",F-131;F-134
endpoint,POST /api/v1/workspaces/{workspace_id}/restore,[CRITICAL:team] restore_workspace [workspaces.py:183] auth=user_jwt scope=workspace,any,any authenticated user,backend/tests/security/test_cross_tenant_sweep.py;backend/tests/api/test_archive_lifecycle.py,deep,"pass (final systemic polish, 2026-10-07)",F-131
endpoint,GET /api/v1/workspaces/{workspace_id}/members,[CRITICAL:team] list_workspace_members [workspaces.py:207] auth=user_jwt scope=workspace,any,body:owner-check,backend/tests/engines,deep,"pass (engines, Phase 4)",
endpoint,POST /api/v1/workspaces/{workspace_id}/members,[CRITICAL:team] grant_workspace_access [workspaces.py:275] auth=user_jwt scope=workspace,any,ws:ADMIN+,backend/tests/security/test_cross_tenant_sweep.py;backend/tests/security/test_idor_child_entities.py;backend/tests/security/test_role_matrix.py,smoke,"pass 2026-10-06 (backend suite, Phase 5): 10 passing test(s) drove it; responses 400,401,403,404",
endpoint,PATCH /api/v1/workspaces/{workspace_id}/members/{membership_id},[CRITICAL:team] change_workspace_member_role [workspaces.py:301] auth=user_jwt scope=workspace,any,ws:ADMIN+,backend/tests/engines,smoke,"refusal proven (engines, Phase 4)",
endpoint,POST /api/v1/workspaces/{workspace_id}/members/{membership_id}/revoke,[CRITICAL:team] revoke_workspace_access [workspaces.py:334] auth=user_jwt scope=workspace,any,ws:ADMIN+,backend/tests/engines,smoke,"refusal proven (engines, Phase 4)",
endpoint,POST /api/v1/workspaces/{workspace_id}/leave,[CRITICAL:team] leave_workspace [workspaces.py:365] auth=user_jwt scope=workspace,any,any authenticated user,backend/tests/security/test_cross_tenant_sweep.py,smoke,"pass 2026-10-06 (backend suite, Phase 5): 4 passing test(s) drove it; responses 401,404",
endpoint,GET reranker:8081/health,app/reranker/main.py (separate internal service; /rerank needs RERANKER_INTERNAL_TOKEN),n/a,anonymous,,untested,,
endpoint,GET reranker:8081/ready,app/reranker/main.py (separate internal service; /rerank needs RERANKER_INTERNAL_TOKEN),n/a,anonymous,,untested,,
endpoint,POST reranker:8081/rerank,app/reranker/main.py (separate internal service; /rerank needs RERANKER_INTERNAL_TOKEN),n/a,internal token,,untested,,
background_job,analytics.export_sync,worker job type; trigger: enqueued on demand by services,,,,untested,,
background_job,analytics.warehouse_push,worker job type; trigger: every 300s,,,backend/tests/engines/test_archived_tenants_live.py,smoke,"ran live: 20 job(s), all SUCCEEDED (final systemic polish, 2026-10-07)",F-134
background_job,anomaly.nightly,worker job type; trigger: every 86400s at 4:00,,,backend/tests/engines/test_archived_tenants_live.py,smoke,"ran live: 1 job(s), all SUCCEEDED (final systemic polish, 2026-10-07)",F-134
background_job,anomaly.scan_document,worker job type; trigger: enqueued on demand by services,,,backend/tests/engines,deep,"ran live: 22 job(s), all SUCCEEDED (final systemic polish, 2026-10-07); engines test",
background_job,automation.execute,[CRITICAL:workflows] worker job type; trigger: enqueued on demand by services,,,backend/tests/engines;backend/tests/engines/test_archived_tenants_live.py,deep,"ran live: 96 job(s), all SUCCEEDED (final systemic polish, 2026-10-07); engines test",F-134
background_job,batch.expand_archive,[CRITICAL:upload] worker job type; trigger: enqueued on demand by services,,,,untested,,
background_job,billing.addon_grace_sweep,[CRITICAL:billing] worker job type; trigger: every 900s,,,,smoke,"ran live: 7 job(s), all SUCCEEDED (final systemic polish, 2026-10-07)",
background_job,billing.assemble_invoice,[CRITICAL:billing] worker job type; trigger: enqueued on demand by services,,,,untested,,F-006
background_job,billing.dunning_sweep,[CRITICAL:billing] worker job type; trigger: every 86400s at 6:00,,,,smoke,"ran live: 1 job(s), all SUCCEEDED (final systemic polish, 2026-10-07)",
background_job,billing.reconcile,[CRITICAL:billing] worker job type; trigger: enqueued on demand by services,,,,untested,,F-006
background_job,billing.seat_drift,[CRITICAL:billing] worker job type; trigger: every 86400s at 5:00,,,,smoke,"ran live: 1 job(s), all SUCCEEDED (final systemic polish, 2026-10-07)",
background_job,billing.seat_sync,[CRITICAL:billing] worker job type; trigger: enqueued on demand by services,,,,untested,,F-006
background_job,calibration.harvest,worker job type; trigger: every 3600s,,,,smoke,"ran live: 2 job(s), all SUCCEEDED (final systemic polish, 2026-10-07)",
background_job,calibration.refit,worker job type; trigger: every 86400s at 5:00,,,,smoke,"ran live: 1 job(s), all SUCCEEDED (final systemic polish, 2026-10-07)",
background_job,cases.assemble_document,worker job type; trigger: enqueued on demand by services,,,backend/tests/engines,deep,"ran live: 21 job(s), all SUCCEEDED (final systemic polish, 2026-10-07); engines test",
background_job,corroboration.run,worker job type; trigger: enqueued on demand by services,,,backend/tests/engines,deep,"ran live: 1 job(s), all SUCCEEDED (final systemic polish, 2026-10-07); engines test",
background_job,document.enrich,[CRITICAL:upload] worker job type; trigger: enqueued on demand by services,,,backend/tests/engines,deep,"ran live: 22 job(s), all SUCCEEDED (final systemic polish, 2026-10-07); engines test",
background_job,document.extract,[CRITICAL:upload] worker job type; trigger: enqueued on demand by services,,,backend/tests/engines,deep,"ran live: 22 job(s), all SUCCEEDED (final systemic polish, 2026-10-07); engines test",
background_job,document.verify,[CRITICAL:upload] worker job type; trigger: enqueued on demand by services,,,backend/tests/engines,deep,"ran live: 17 job(s), all SUCCEEDED (final systemic polish, 2026-10-07); engines test",
background_job,domain.verify_dns,worker job type; trigger: every 900s,,,,smoke,"ran live: 7 job(s), all SUCCEEDED (final systemic polish, 2026-10-07)",
background_job,entities.resolve_document,worker job type; trigger: enqueued on demand by services,,,backend/tests/engines,deep,"ran live: 21 job(s), all SUCCEEDED (final systemic polish, 2026-10-07); engines test",
background_job,erp.deliver_posting,worker job type; trigger: enqueued on demand by services,,,,untested,,
background_job,identity.purge_assertion_payloads,[CRITICAL:auth] worker job type; trigger: every 86400s at 4:00,,,,smoke,"ran live: 1 job(s), all SUCCEEDED (final systemic polish, 2026-10-07)",
background_job,identity.recheck_domains,[CRITICAL:auth] worker job type; trigger: every 86400s at 4:00,,,,smoke,"ran live: 1 job(s), all SUCCEEDED (final systemic polish, 2026-10-07)",
background_job,identity.sweep_auth_requests,[CRITICAL:auth] worker job type; trigger: every 3600s,,,,smoke,"ran live: 2 job(s), all SUCCEEDED (final systemic polish, 2026-10-07)",
background_job,identity.sweep_replay_guard,[CRITICAL:auth] worker job type; trigger: every 3600s,,,,smoke,"ran live: 2 job(s), all SUCCEEDED (final systemic polish, 2026-10-07)",
background_job,ingestion.sweep_sessions,[CRITICAL:upload] worker job type; trigger: every 3600s,,,,smoke,"ran live: 2 job(s), all SUCCEEDED (final systemic polish, 2026-10-07)",
background_job,knowledge.reindex,worker job type; trigger: enqueued on demand by services,,,backend/tests/engines/test_knowledge_reindex_live.py,deep,"ran live: 24 job(s), all SUCCEEDED (final systemic polish, 2026-10-07); engines test",F-128;F-129
background_job,notification.deliver,worker job type; trigger: enqueued on demand by services,,,backend/tests/services/test_automation_reaper_scheduled.py;backend/tests/services/test_arch12_notifications.py,smoke,"pass (live feedback, 2026-10-07): stranded deliveries re-enqueued by the sweep",F-147
background_job,obligations.extract_document,worker job type; trigger: enqueued on demand by services,,,backend/tests/engines,deep,"ran live: 21 job(s), all SUCCEEDED (final systemic polish, 2026-10-07); engines test",
background_job,packets.apply_split,worker job type; trigger: enqueued on demand by services,,,backend/tests/engines,deep,"pass (engines, Phase 4)",
background_job,packets.detect_boundaries,worker job type; trigger: enqueued on demand by services,,,backend/tests/engines,deep,"ran live: 1 job(s), all SUCCEEDED (final systemic polish, 2026-10-07); engines test",
background_job,partner.rev_share_compute,worker job type; trigger: every 86400s at 3:00,,,,smoke,"ran live: 1 job(s), all SUCCEEDED (final systemic polish, 2026-10-07)",
background_job,partner.rev_share_seal,worker job type; trigger: every 86400s at 3:00,,,,smoke,"ran live: 1 job(s), all SUCCEEDED (final systemic polish, 2026-10-07)",
background_job,pipeline.sweep_stuck,[CRITICAL:upload] worker job type; trigger: every 600s,,,backend/tests/services/test_automation_reaper_scheduled.py,deep,"pass (live feedback, 2026-10-07): also reaps stranded automation runs and re-enqueues stranded deliveries",F-146;F-147
background_job,process.sweep_workspace,worker job type; trigger: enqueued by scripts/sweep_process.py (host cron),,,,untested,,
background_job,procurement.score,worker job type; trigger: every 300s,,,backend/tests/engines;backend/tests/engines/test_archived_tenants_live.py,deep,"ran live: 36 job(s), all SUCCEEDED (final systemic polish, 2026-10-07); engines test",F-134
background_job,redaction.apply,worker job type; trigger: enqueued on demand by services,,,backend/tests/engines,deep,"pass (engines, Phase 4)",
background_job,redaction.detect,worker job type; trigger: enqueued on demand by services,,,backend/tests/engines,deep,"pass (engines, Phase 4)",
background_job,revops.sweep,worker job type; trigger: enqueued by scripts/sweep_revops.py (host cron),,,,untested,,
background_job,storage.sample,worker job type; trigger: every 3600s,,,,smoke,"ran live: 2 job(s), all SUCCEEDED (final systemic polish, 2026-10-07)",
background_job,tables.extract_document,worker job type; trigger: enqueued on demand by services,,,backend/tests/engines,deep,"ran live: 21 job(s), all SUCCEEDED (final systemic polish, 2026-10-07); engines test",
background_job,tls.renew_sweep,worker job type; trigger: every 86400s at 2:00,,,,smoke,"ran live: 1 job(s), all SUCCEEDED (final systemic polish, 2026-10-07)",
background_job,usage.reconcile,[CRITICAL:billing] worker job type; trigger: enqueued on demand by services,,,,untested,,F-006
background_job,usage.rollup,[CRITICAL:billing] worker job type; trigger: every 900s,,,,smoke,"ran live: 7 job(s), all SUCCEEDED (final systemic polish, 2026-10-07)",
background_job,usage.seal,[CRITICAL:billing] worker job type; trigger: every 86400s at 0:00,,,,smoke,"ran live: 1 job(s), all SUCCEEDED (final systemic polish, 2026-10-07)",
background_job,work_items.bulk,[CRITICAL:upload] worker job type; trigger: enqueued on demand by services,,,,untested,,
background_job,worker-loop:relay,python -m app.worker --loop relay (docker-compose service),,,,untested,,
background_job,worker-loop:delivery,python -m app.worker --loop delivery (docker-compose service),,,,untested,,
background_job,worker-loop:jobs(light),python -m app.worker --loop jobs (docker-compose service),,,,untested,,
background_job,worker-loop:jobs(ocr),python -m app.worker --loop jobs (docker-compose service),,,,untested,,
background_job,worker-loop:jobs(enrich),python -m app.worker --loop jobs (docker-compose service),,,,untested,,
background_job,worker-loop:stripe,[CRITICAL:billing] python -m app.worker --loop stripe (docker-compose service),,,,untested,,
background_job,worker-loop:scheduler,python -m app.worker --loop scheduler (docker-compose service),,,,untested,,
background_job,cron:arch07,host cron '17 3 * * *' flowpilot-sweep arch07 --all --apply --json (not run by docker-compose.prod.yml),,,backend/tests/operational/test_sweeper_entrypoints.py,smoke,"pass (Phase 3, live, 2026-10-08): run by hand with its cron arguments, clean",F-006
background_job,cron:identity,host cron '23 3 * * *' flowpilot-sweep identity --retain-days 30 (not run by docker-compose.prod.yml),,,backend/tests/operational/test_sweeper_entrypoints.py,smoke,"pass (Phase 3, live, 2026-10-08): run by hand with its cron arguments, clean",F-006
background_job,cron:invitations,host cron '31 3 * * *' flowpilot-sweep invitations --send-delay-ms 250 (not run by docker-compose.prod.yml),,,backend/tests/operational/test_sweeper_entrypoints.py,smoke,"pass (Phase 3, live, 2026-10-08): run by hand with its cron arguments, clean",F-006
background_job,cron:arch09,host cron '41 3 * * *' flowpilot-sweep arch09 --all --apply (not run by docker-compose.prod.yml),,,backend/tests/operational/test_sweeper_entrypoints.py,smoke,"pass (Phase 3, live, 2026-10-08): run by hand with its cron arguments, clean",F-006
background_job,cron:compliance,[CRITICAL:data-governance] host cron '53 3 * * *' flowpilot-sweep compliance --apply (not run by docker-compose.prod.yml),,,backend/tests/operational/test_sweeper_entrypoints.py;backend/tests/engines/test_retention_purge_releases_file_live.py,deep,"pass (Phase 3, live, 2026-10-08): scheduled line runs; purge releases files",F-006;F-182;F-183
background_job,cron:extraction_memory,host cron '29 4 * * *' flowpilot-sweep extraction_memory --apply (not run by docker-compose.prod.yml),,,backend/tests/operational/test_sweeper_entrypoints.py,smoke,"pass (Phase 3, live, 2026-10-08): run by hand with its cron arguments, clean",F-006
background_job,cron:entities,host cron '47 4 * * *' flowpilot-sweep entities --apply (not run by docker-compose.prod.yml),,,backend/tests/operational/test_sweeper_entrypoints.py,smoke,"pass (Phase 3, live, 2026-10-08): run by hand with its cron arguments, clean",F-006
background_job,cron:cases,host cron '17 5 * * *' flowpilot-sweep cases --apply (not run by docker-compose.prod.yml),,,backend/tests/operational/test_sweeper_entrypoints.py,smoke,"pass (Phase 3, live, 2026-10-08): run by hand with its cron arguments, clean",F-006
background_job,cron:corroboration,host cron '37 5 * * *' flowpilot-sweep corroboration --apply (not run by docker-compose.prod.yml),,,backend/tests/operational/test_sweeper_entrypoints.py,smoke,"pass (Phase 3, live, 2026-10-08): run by hand with its cron arguments, clean",F-006
background_job,cron:obligations,host cron '12 * * * *' flowpilot-sweep obligations --apply (not run by docker-compose.prod.yml),,,backend/tests/operational/test_sweeper_entrypoints.py,smoke,"pass (Phase 3, live, 2026-10-08): run by hand with its cron arguments, clean",F-006
background_job,cron:erp_postings,host cron '3-59/10 * * * *' flowpilot-sweep erp_postings --apply (not run by docker-compose.prod.yml),,,backend/tests/operational/test_sweeper_entrypoints.py,smoke,"pass (Phase 3, live, 2026-10-08): run by hand with its cron arguments, clean",F-006
background_job,cron:process,host cron '8-59/15 * * * *' flowpilot-sweep process --apply (not run by docker-compose.prod.yml),,,backend/tests/operational/test_sweeper_entrypoints.py,smoke,"pass (Phase 3, live, 2026-10-08): run by hand with its cron arguments, clean",F-006
background_job,cron:revops,host cron '23 3 * * *' flowpilot-sweep revops --apply (not run by docker-compose.prod.yml),,,backend/tests/operational/test_sweeper_entrypoints.py,smoke,"pass (Phase 3, live, 2026-10-08): run by hand with its cron arguments, clean",F-006
background_job,cron:dr-heartbeat,host cron '* * * * *' flowpilot-sweep dr-heartbeat  (not run by docker-compose.prod.yml),,,,untested,,F-006
background_job,cron:base-backup,[CRITICAL:data-governance] host cron '41 1 * * *' flowpilot-sweep base-backup  (not run by docker-compose.prod.yml),,,,untested,,F-006
background_job,cron:pitr-drill,[CRITICAL:data-governance] host cron '53 5 * * 6' flowpilot-sweep pitr-drill  (not run by docker-compose.prod.yml),,,,untested,,F-006
background_job,cron:watchdog,host cron '7 * * * *' flowpilot-sweep-watchdog   (not run by docker-compose.prod.yml),,,,untested,,F-006
background_job,cron:backup,[CRITICAL:data-governance] host cron '11 2 * * *' flowpilot-sweep backup  (not run by docker-compose.prod.yml),,,,untested,,F-006
background_job,cron:restore-drill,[CRITICAL:data-governance] host cron '37 4 * * 0' flowpilot-sweep restore-drill --record (not run by docker-compose.prod.yml),,,,untested,,F-006
migration,4ff89d47f5e1,#001 4ff89d47f5e1_create_users_table.py (down_revision=None),,,.github/workflows/ci.yml (migrations job),smoke,PASS 2026-09-30: applied by upgrade head on empty DB (CI run 36681150735 job 'Migration head & drift'),F-017
migration,c6f653bef578,#002 c6f653bef578_create_work_items_table.py (down_revision=4ff89d47f5e1),,,.github/workflows/ci.yml (migrations job),smoke,PASS 2026-09-30: applied by upgrade head on empty DB (CI run 36681150735 job 'Migration head & drift'),F-017
migration,378d5bd99a42,#003 378d5bd99a42_create_processing_jobs_table.py (down_revision=c6f653bef578),,,.github/workflows/ci.yml (migrations job),smoke,PASS 2026-09-30: applied by upgrade head on empty DB (CI run 36681150735 job 'Migration head & drift'),F-017
migration,6045810b083a,#004 6045810b083a_schema_verification.py (down_revision=378d5bd99a42),,,.github/workflows/ci.yml (migrations job),smoke,PASS 2026-09-30: applied by upgrade head on empty DB (CI run 36681150735 job 'Migration head & drift'),F-017
migration,7f1cb037d639,#005 7f1cb037d639_sprint_5_ai_assistant.py (down_revision=6045810b083a),,,.github/workflows/ci.yml (migrations job),smoke,PASS 2026-09-30: applied by upgrade head on empty DB (CI run 36681150735 job 'Migration head & drift'),F-017
migration,188ffda2ce99,#006 188ffda2ce99_expand_notifications_schema.py (down_revision=7f1cb037d639),,,.github/workflows/ci.yml (migrations job),smoke,PASS 2026-09-30: applied by upgrade head on empty DB (CI run 36681150735 job 'Migration head & drift'),F-017
migration,08cbbe53034b,#007 08cbbe53034b_add_email_settings.py (down_revision=188ffda2ce99),,,.github/workflows/ci.yml (migrations job),smoke,PASS 2026-09-30: applied by upgrade head on empty DB (CI run 36681150735 job 'Migration head & drift'),F-017
migration,90ffbe0abfea,#008 90ffbe0abfea_add_token_usage_to_conversation_messages.py (down_revision=08cbbe53034b),,,.github/workflows/ci.yml (migrations job),smoke,PASS 2026-09-30: applied by upgrade head on empty DB (CI run 36681150735 job 'Migration head & drift'),F-017
migration,c9ff552177bf,#009 c9ff552177bf_add_workspace_table.py (down_revision=90ffbe0abfea),,,.github/workflows/ci.yml (migrations job),smoke,PASS 2026-09-30: applied by upgrade head on empty DB (CI run 36681150735 job 'Migration head & drift'),F-017
migration,e30fd419c4f7,#010 e30fd419c4f7_add_ai_settings_table.py (down_revision=c9ff552177bf),,,.github/workflows/ci.yml (migrations job),smoke,PASS 2026-09-30: applied by upgrade head on empty DB (CI run 36681150735 job 'Migration head & drift'),F-017
migration,8c5d9ab2c4b1,#011 8c5d9ab2c4b1_add_token_pricing_to_ai_settings.py (down_revision=e30fd419c4f7),,,.github/workflows/ci.yml (migrations job),smoke,PASS 2026-09-30: applied by upgrade head on empty DB (CI run 36681150735 job 'Migration head & drift'),F-017
migration,d205162021ef,#012 d205162021ef_add_document_settings_table.py (down_revision=8c5d9ab2c4b1),,,.github/workflows/ci.yml (migrations job),smoke,PASS 2026-09-30: applied by upgrade head on empty DB (CI run 36681150735 job 'Migration head & drift'),F-017
migration,1f85effe07bb,#013 1f85effe07bb_document_settings_timestamp_columns.py (down_revision=d205162021ef),,,.github/workflows/ci.yml (migrations job),smoke,PASS 2026-09-30: applied by upgrade head on empty DB (CI run 36681150735 job 'Migration head & drift'),F-017
migration,d3b59e17d2a1,#014 d3b59e17d2a1_add_priority_to_automation_rules.py (down_revision=1f85effe07bb),,,.github/workflows/ci.yml (migrations job),smoke,PASS 2026-09-30: applied by upgrade head on empty DB (CI run 36681150735 job 'Migration head & drift'),F-017
migration,bd55b1f7c43c,#015 bd55b1f7c43c_multiple_conditions.py (down_revision=d3b59e17d2a1),,,.github/workflows/ci.yml (migrations job),smoke,PASS 2026-09-30: applied by upgrade head on empty DB (CI run 36681150735 job 'Migration head & drift'),F-017
migration,4618570a7204,#016 4618570a7204_step7_multiple_actions.py (down_revision=bd55b1f7c43c),,,.github/workflows/ci.yml (migrations job),smoke,PASS 2026-09-30: applied by upgrade head on empty DB (CI run 36681150735 job 'Migration head & drift'),F-017
migration,b13c7b21bec9,#017 b13c7b21bec9_add_workspace_members.py (down_revision=4618570a7204),,,.github/workflows/ci.yml (migrations job),smoke,PASS 2026-09-30: applied by upgrade head on empty DB (CI run 36681150735 job 'Migration head & drift'),F-017
migration,bb57122ca97e,#018 bb57122ca97e_add_workspace_invitations.py (down_revision=b13c7b21bec9),,,.github/workflows/ci.yml (migrations job),smoke,PASS 2026-09-30: applied by upgrade head on empty DB (CI run 36681150735 job 'Migration head & drift'),F-017
migration,c4e81a9f2b73,#019 c4e81a9f2b73_workspace_ownership_contract.py (down_revision=bb57122ca97e),,,.github/workflows/ci.yml (migrations job),smoke,PASS 2026-09-30: applied by upgrade head on empty DB (CI run 36681150735 job 'Migration head & drift'),F-017
migration,4fb2e9a4f15c,#020 4fb2e9a4f15c_arch01_expand_organization_tenancy.py (down_revision=c4e81a9f2b73),,,.github/workflows/ci.yml (migrations job),smoke,PASS 2026-09-30: applied by upgrade head on empty DB (CI run 36681150735 job 'Migration head & drift'),F-017
migration,638190804c7d,#021 638190804c7d_arch01_migrate_workspace_to_organization.py (down_revision=4fb2e9a4f15c),,,.github/workflows/ci.yml (migrations job),smoke,PASS 2026-09-30: applied by upgrade head on empty DB (CI run 36681150735 job 'Migration head & drift'),F-017
migration,e66f8636c46a,#022 e66f8636c46a_arch01_contract_legacy_workspace_columns.py (down_revision=638190804c7d),,,.github/workflows/ci.yml (migrations job),smoke,PASS 2026-09-30: applied by upgrade head on empty DB (CI run 36681150735 job 'Migration head & drift'),F-017
migration,74a07cbe5d7e,#023 74a07cbe5d7e_arch01_align_enum_names_and_indexes.py (down_revision=e66f8636c46a),,,.github/workflows/ci.yml (migrations job),smoke,PASS 2026-09-30: applied by upgrade head on empty DB (CI run 36681150735 job 'Migration head & drift'),F-017
migration,5d22f66d3706,#024 5d22f66d3706_arch02_expand_workspace_scope.py (down_revision=74a07cbe5d7e),,,.github/workflows/ci.yml (migrations job),smoke,PASS 2026-09-30: applied by upgrade head on empty DB (CI run 36681150735 job 'Migration head & drift'),F-017
migration,278b3331a95c,#025 278b3331a95c_arch02_migrate_group_1_2_backfill_scope.py (down_revision=5d22f66d3706),,,.github/workflows/ci.yml (migrations job),smoke,PASS 2026-09-30: applied by upgrade head on empty DB (CI run 36681150735 job 'Migration head & drift'),F-017
migration,63b12b33c3b7,#026 63b12b33c3b7_arch02_migrate_group_3_settings_collapse.py (down_revision=278b3331a95c),,,.github/workflows/ci.yml (migrations job),smoke,PASS 2026-09-30: applied by upgrade head on empty DB (CI run 36681150735 job 'Migration head & drift'),F-017
migration,84251cd213bd,#027 84251cd213bd_arch02_contract_enforce_workspace_scope.py (down_revision=63b12b33c3b7),,,.github/workflows/ci.yml (migrations job),smoke,PASS 2026-09-30: applied by upgrade head on empty DB (CI run 36681150735 job 'Migration head & drift'),F-017
migration,a1c7f39b4e2d,#028 a1c7f39b4e2d_arch03_expand_identity_lifecycle.py (down_revision=84251cd213bd),,,.github/workflows/ci.yml (migrations job),smoke,PASS 2026-09-30: applied by upgrade head on empty DB (CI run 36681150735 job 'Migration head & drift'),F-017
migration,b7d4e0f81a63,#029 b7d4e0f81a63_arch03_migrate_identity_backfills.py (down_revision=a1c7f39b4e2d),,,.github/workflows/ci.yml (migrations job),smoke,PASS 2026-09-30: applied by upgrade head on empty DB (CI run 36681150735 job 'Migration head & drift'),F-017
migration,c3f8a6b21d47,#030 c3f8a6b21d47_arch03_contract_hashed_invitation_tokens.py (down_revision=b7d4e0f81a63),,,.github/workflows/ci.yml (migrations job),smoke,PASS 2026-09-30: applied by upgrade head on empty DB (CI run 36681150735 job 'Migration head & drift'),F-017
migration,cb521957f5f0,#031 cb521957f5f0_arch04_step3_expand_invitation_tables.py (down_revision=c3f8a6b21d47),,,.github/workflows/ci.yml (migrations job),smoke,PASS 2026-09-30: applied by upgrade head on empty DB (CI run 36681150735 job 'Migration head & drift'),F-017
migration,f3c137bf53d5,#032 f3c137bf53d5_arch04_step4_migrate_invitation_backfill.py (down_revision=cb521957f5f0),,,.github/workflows/ci.yml (migrations job),smoke,PASS 2026-09-30: applied by upgrade head on empty DB (CI run 36681150735 job 'Migration head & drift'),F-017
migration,c7c6830e4458,#033 c7c6830e4458_arch04_step5b_contract_drop_workspace_.py (down_revision=f3c137bf53d5),,,.github/workflows/ci.yml (migrations job),smoke,PASS 2026-09-30: applied by upgrade head on empty DB (CI run 36681150735 job 'Migration head & drift'),F-017
migration,3cdea80e19f3,#034 3cdea80e19f3_arch05_step4_expand_ownership_transfer.py (down_revision=c7c6830e4458),,,.github/workflows/ci.yml (migrations job),smoke,PASS 2026-09-30: applied by upgrade head on empty DB (CI run 36681150735 job 'Migration head & drift'),F-017
migration,a4d17c9e2b58,#035 a4d17c9e2b58_arch06_step1_rename_malformed_constraints.py (down_revision=3cdea80e19f3),,,.github/workflows/ci.yml (migrations job),smoke,PASS 2026-09-30: applied by upgrade head on empty DB (CI run 36681150735 job 'Migration head & drift'),F-017
migration,f28b6c94a1de,#036 f28b6c94a1de_arch06_step2_expand_email_change_requests.py (down_revision=a4d17c9e2b58),,,.github/workflows/ci.yml (migrations job),smoke,PASS 2026-09-30: applied by upgrade head on empty DB (CI run 36681150735 job 'Migration head & drift'),F-017
migration,c8e4a1f7b930,#037 c8e4a1f7b930_arch06_step3_expand_notifications_organization_scope.py (down_revision=f28b6c94a1de),,,.github/workflows/ci.yml (migrations job),smoke,PASS 2026-09-30: applied by upgrade head on empty DB (CI run 36681150735 job 'Migration head & drift'),F-017
migration,9b2f6d8e14a7,#038 9b2f6d8e14a7_arch06_step4_migrate_notifications_organization_id.py (down_revision=c8e4a1f7b930),,,.github/workflows/ci.yml (migrations job),smoke,PASS 2026-09-30: applied by upgrade head on empty DB (CI run 36681150735 job 'Migration head & drift'),F-017
migration,e1c9a7f42d63,#039 e1c9a7f42d63_arch06_step5_contract_notifications_scope_and_uploaded_files.py (down_revision=9b2f6d8e14a7),,,.github/workflows/ci.yml (migrations job),smoke,PASS 2026-09-30: applied by upgrade head on empty DB (CI run 36681150735 job 'Migration head & drift'),F-017
migration,b6f03a7c581e,#040 b6f03a7c581e_arch06_step6_session_revoked_reason_email_change.py (down_revision=e1c9a7f42d63),,,.github/workflows/ci.yml (migrations job),smoke,PASS 2026-09-30: applied by upgrade head on empty DB (CI run 36681150735 job 'Migration head & drift'),F-017
migration,d4a91e7b302c,#041 d4a91e7b302c_arch06_step7_users_avatar_file_id.py (down_revision=b6f03a7c581e),,,.github/workflows/ci.yml (migrations job),smoke,PASS 2026-09-30: applied by upgrade head on empty DB (CI run 36681150735 job 'Migration head & drift'),F-017
migration,f7302be6a48d,#042 f7302be6a48d_arch06_step8_organization_email_settings.py (down_revision=d4a91e7b302c),,,.github/workflows/ci.yml (migrations job),smoke,PASS 2026-09-30: applied by upgrade head on empty DB (CI run 36681150735 job 'Migration head & drift'),F-017
migration,b1d7c4e9a052,#043 b1d7c4e9a052_arch07_step2_expand_audit_logs.py (down_revision=f7302be6a48d),,,.github/workflows/ci.yml (migrations job),smoke,PASS 2026-09-30: applied by upgrade head on empty DB (CI run 36681150735 job 'Migration head & drift'),F-017
migration,c93a5f18e7d4,#044 c93a5f18e7d4_arch07_step4_audit_logs_immutability.py (down_revision=b1d7c4e9a052),,,.github/workflows/ci.yml (migrations job),smoke,PASS 2026-09-30: applied by upgrade head on empty DB (CI run 36681150735 job 'Migration head & drift'),F-017
migration,d5f60ab7c318,#045 d5f60ab7c318_arch07_step6_adopt_logos_into_uploaded_files.py (down_revision=c93a5f18e7d4),,,.github/workflows/ci.yml (migrations job),smoke,PASS 2026-09-30: applied by upgrade head on empty DB (CI run 36681150735 job 'Migration head & drift'),F-017
migration,e2a84c7b60f1,#046 e2a84c7b60f1_arch07_step8_widen_encrypted_password.py (down_revision=d5f60ab7c318),,,.github/workflows/ci.yml (migrations job),smoke,PASS 2026-09-30: applied by upgrade head on empty DB (CI run 36681150735 job 'Migration head & drift'),F-017
migration,a8b3f5c02d47,#047 a8b3f5c02d47_arch07_step11_harden_audit_trigger.py (down_revision=e2a84c7b60f1),,,.github/workflows/ci.yml (migrations job),smoke,PASS 2026-09-30: applied by upgrade head on empty DB (CI run 36681150735 job 'Migration head & drift'),F-017
migration,b6e1d94f07ca,#048 b6e1d94f07ca_arch07_step12_drop_logo_adoption_staging.py (down_revision=a8b3f5c02d47),,,.github/workflows/ci.yml (migrations job),smoke,PASS 2026-09-30: applied by upgrade head on empty DB (CI run 36681150735 job 'Migration head & drift'),F-017
migration,2caf2a1cfca1,#049 2caf2a1cfca1_arch08_step1_contract_drop_company_logo_.py (down_revision=b6e1d94f07ca),,,.github/workflows/ci.yml (migrations job),smoke,PASS 2026-09-30: applied by upgrade head on empty DB (CI run 36681150735 job 'Migration head & drift'),F-017
migration,arch08_step2_keyset_index,#050 arch08_step2_audit_keyset_covering_index.py (down_revision=2caf2a1cfca1),,,.github/workflows/ci.yml (migrations job),smoke,PASS 2026-09-30: applied by upgrade head on empty DB (CI run 36681150735 job 'Migration head & drift'),F-017
migration,arch08_step3_enum_expand,#051 arch08_step3_audit_enum_expand.py (down_revision=arch08_step2_keyset_index),,,.github/workflows/ci.yml (migrations job),smoke,PASS 2026-09-30: applied by upgrade head on empty DB (CI run 36681150735 job 'Migration head & drift'),F-017
migration,arch08_step4_outcome_expand,#052 arch08_step4_audit_outcome_expand.py (down_revision=arch08_step3_enum_expand),,,.github/workflows/ci.yml (migrations job),smoke,PASS 2026-09-30: applied by upgrade head on empty DB (CI run 36681150735 job 'Migration head & drift'),F-017
migration,arch08_step5_outcome_contract,#053 arch08_step5_audit_outcome_contract.py (down_revision=arch08_step4_outcome_expand),,,.github/workflows/ci.yml (migrations job),smoke,PASS 2026-09-30: applied by upgrade head on empty DB (CI run 36681150735 job 'Migration head & drift'),F-017
migration,arch08_step8_api_keys_expand,#054 arch08_step8_api_keys_expand.py (down_revision=arch08_step5_outcome_contract),,,.github/workflows/ci.yml (migrations job),smoke,PASS 2026-09-30: applied by upgrade head on empty DB (CI run 36681150735 job 'Migration head & drift'),F-017
migration,arch09_step2_outbox_expand,#055 arch09_step2_outbox_events_expand.py (down_revision=arch08_step8_api_keys_expand),,,.github/workflows/ci.yml (migrations job),smoke,PASS 2026-09-30: applied by upgrade head on empty DB (CI run 36681150735 job 'Migration head & drift'),F-017
migration,arch09_step4_webhooks_expand,#056 arch09_step4_webhooks_expand.py (down_revision=arch09_step2_outbox_expand),,,.github/workflows/ci.yml (migrations job),smoke,PASS 2026-09-30: applied by upgrade head on empty DB (CI run 36681150735 job 'Migration head & drift'),F-017
migration,arch09_step6_attempts_expand,#057 arch09_step6_delivery_attempts_expand.py (down_revision=arch09_step4_webhooks_expand),,,.github/workflows/ci.yml (migrations job),smoke,PASS 2026-09-30: applied by upgrade head on empty DB (CI run 36681150735 job 'Migration head & drift'),F-017
migration,arch09_step7_breaker_expand,#058 arch09_step7_breaker_expand.py (down_revision=arch09_step6_attempts_expand),,,.github/workflows/ci.yml (migrations job),smoke,PASS 2026-09-30: applied by upgrade head on empty DB (CI run 36681150735 job 'Migration head & drift'),F-017
migration,arch09_step8_webhook_api_expand,#059 arch09_step8_webhook_api_expand.py (down_revision=arch09_step7_breaker_expand),,,.github/workflows/ci.yml (migrations job),smoke,PASS 2026-09-30: applied by upgrade head on empty DB (CI run 36681150735 job 'Migration head & drift'),F-017
migration,arch09_step10_jobs_expand,#060 arch09_step10_jobs_expand.py (down_revision=arch09_step8_webhook_api_expand),,,.github/workflows/ci.yml (migrations job),smoke,PASS 2026-09-30: applied by upgrade head on empty DB (CI run 36681150735 job 'Migration head & drift'),F-017
migration,arch09_scope_ck_repair,#061 arch09_scope_ck_repair.py (down_revision=arch09_step10_jobs_expand),,,.github/workflows/ci.yml (migrations job),smoke,PASS 2026-09-30: applied by upgrade head on empty DB (CI run 36681150735 job 'Migration head & drift'),F-017
migration,arch10_step2_usage_expand,#062 arch10_step2_usage_expand.py (down_revision=arch09_scope_ck_repair),,,.github/workflows/ci.yml (migrations job),smoke,PASS 2026-09-30: applied by upgrade head on empty DB (CI run 36681150735 job 'Migration head & drift'),F-017
migration,arch10_step3_audit_enum,#063 arch10_step3_audit_enum.py (down_revision=arch10_step2_usage_expand),,,.github/workflows/ci.yml (migrations job),smoke,PASS 2026-09-30: applied by upgrade head on empty DB (CI run 36681150735 job 'Migration head & drift'),F-017
migration,arch10_step3_spend_limits,#064 arch10_step3_spend_limits.py (down_revision=arch10_step3_audit_enum),,,.github/workflows/ci.yml (migrations job),smoke,PASS 2026-09-30: applied by upgrade head on empty DB (CI run 36681150735 job 'Migration head & drift'),F-017
migration,arch10_step5_intake_expand,#065 arch10_step5_intake_expand.py (down_revision=arch10_step3_spend_limits),,,.github/workflows/ci.yml (migrations job),smoke,PASS 2026-09-30: applied by upgrade head on empty DB (CI run 36681150735 job 'Migration head & drift'),F-017
migration,arch10_step7_pipeline_expand,#066 arch10_step7_pipeline_expand.py (down_revision=arch10_step5_intake_expand),,,.github/workflows/ci.yml (migrations job),smoke,PASS 2026-09-30: applied by upgrade head on empty DB (CI run 36681150735 job 'Migration head & drift'),F-017
migration,arch10_step7_contract,#067 arch10_step7_processing_jobs_contract.py (down_revision=arch10_step7_pipeline_expand),,,.github/workflows/ci.yml (migrations job),smoke,PASS 2026-09-30: applied by upgrade head on empty DB (CI run 36681150735 job 'Migration head & drift'),F-017
migration,arch10_step8_jobs_type_index,#068 arch10_step8_jobs_type_index.py (down_revision=arch10_step7_contract),,,.github/workflows/ci.yml (migrations job),smoke,PASS 2026-09-30: applied by upgrade head on empty DB (CI run 36681150735 job 'Migration head & drift'),F-017
migration,arch11_step2_chunks_expand,#069 arch11_step2_chunks_expand.py (down_revision=arch10_step8_jobs_type_index),,,.github/workflows/ci.yml (migrations job),smoke,PASS 2026-09-30: applied by upgrade head on empty DB (CI run 36681150735 job 'Migration head & drift'),F-017
migration,arch11_step3_chunk_tokens,#070 arch11_step3_chunk_tokens.py (down_revision=arch11_step2_chunks_expand),,,.github/workflows/ci.yml (migrations job),smoke,PASS 2026-09-30: applied by upgrade head on empty DB (CI run 36681150735 job 'Migration head & drift'),F-017
migration,arch11_5_intent_config,#071 arch11_5_intent_config.py (down_revision=arch11_step3_chunk_tokens),,,.github/workflows/ci.yml (migrations job),smoke,PASS 2026-09-30: applied by upgrade head on empty DB (CI run 36681150735 job 'Migration head & drift'),F-017
migration,arch12_step1_stream_state,#072 arch12_step1_stream_state.py (down_revision=arch11_5_intent_config),,,.github/workflows/ci.yml (migrations job),smoke,PASS 2026-09-30: applied by upgrade head on empty DB (CI run 36681150735 job 'Migration head & drift'),F-017
migration,arch12_step6a_audit_enum,#073 arch12_step6a_audit_enum.py (down_revision=arch12_step1_stream_state),,,.github/workflows/ci.yml (migrations job),smoke,PASS 2026-09-30: applied by upgrade head on empty DB (CI run 36681150735 job 'Migration head & drift'),F-017
migration,arch12_step6b_provenance,#074 arch12_step6b_provenance.py (down_revision=arch12_step6a_audit_enum),,,.github/workflows/ci.yml (migrations job),smoke,PASS 2026-09-30: applied by upgrade head on empty DB (CI run 36681150735 job 'Migration head & drift'),F-017
migration,arch12_step7_notification_deliveries,#075 arch12_step7_notification_deliveries.py (down_revision=arch12_step6b_provenance),,,.github/workflows/ci.yml (migrations job),smoke,PASS 2026-09-30: applied by upgrade head on empty DB (CI run 36681150735 job 'Migration head & drift'),F-017
migration,arch14_step1_price_books,#076 arch14_step1_price_books.py (down_revision=arch12_step7_notification_deliveries),,,.github/workflows/ci.yml (migrations job),smoke,PASS 2026-09-30: applied by upgrade head on empty DB (CI run 36681150735 job 'Migration head & drift'),F-017
migration,arch14_step1b_usage_price_columns,#077 arch14_step1b_usage_price_columns.py (down_revision=arch14_step1_price_books),,,.github/workflows/ci.yml (migrations job),smoke,PASS 2026-09-30: applied by upgrade head on empty DB (CI run 36681150735 job 'Migration head & drift'),F-017
migration,arch14_step2_rollups,#078 arch14_step2_rollups.py (down_revision=arch14_step1b_usage_price_columns),,,.github/workflows/ci.yml (migrations job),smoke,PASS 2026-09-30: applied by upgrade head on empty DB (CI run 36681150735 job 'Migration head & drift'),F-017
migration,arch14_step4_quota_tiers,#079 arch14_step4_quota_tiers.py (down_revision=arch14_step2_rollups),,,.github/workflows/ci.yml (migrations job),smoke,PASS 2026-09-30: applied by upgrade head on empty DB (CI run 36681150735 job 'Migration head & drift'),F-017
migration,arch14_step5_reconciliation,#080 arch14_step5_reconciliation.py (down_revision=arch14_step4_quota_tiers),,,.github/workflows/ci.yml (migrations job),smoke,PASS 2026-09-30: applied by upgrade head on empty DB (CI run 36681150735 job 'Migration head & drift'),F-017
migration,arch14_step8_contract_ai_settings_costs,#081 arch14_step8_contract_ai_settings_costs.py (down_revision=arch14_step5_reconciliation),,,.github/workflows/ci.yml (migrations job),smoke,PASS 2026-09-30: applied by upgrade head on empty DB (CI run 36681150735 job 'Migration head & drift'),F-017
migration,arch13_step1_outbox_internal_events,#082 arch13_step1_outbox_internal_events.py (down_revision=arch14_step8_contract_ai_settings_costs),,,.github/workflows/ci.yml (migrations job),smoke,PASS 2026-09-30: applied by upgrade head on empty DB (CI run 36681150735 job 'Migration head & drift'),F-017
migration,arch13_step2_outbox_causality,#083 arch13_step2_outbox_causality.py (down_revision=arch13_step1_outbox_internal_events),,,.github/workflows/ci.yml (migrations job),smoke,PASS 2026-09-30: applied by upgrade head on empty DB (CI run 36681150735 job 'Migration head & drift'),F-017
migration,arch13_step3_automation_executions,#084 arch13_step3_automation_executions.py (down_revision=arch13_step2_outbox_causality),,,.github/workflows/ci.yml (migrations job),smoke,PASS 2026-09-30: applied by upgrade head on empty DB (CI run 36681150735 job 'Migration head & drift'),F-017
migration,arch13_step4_automation_graph,#085 arch13_step4_automation_graph.py (down_revision=arch13_step3_automation_executions),,,.github/workflows/ci.yml (migrations job),smoke,PASS 2026-09-30: applied by upgrade head on empty DB (CI run 36681150735 job 'Migration head & drift'),F-017
migration,arch13_step7_verification,#086 arch13_step7_verification.py (down_revision=arch13_step4_automation_graph),,,.github/workflows/ci.yml (migrations job),smoke,PASS 2026-09-30: applied by upgrade head on empty DB (CI run 36681150735 job 'Migration head & drift'),F-017
migration,arch15_step1_stripe_inbound_events,#087 arch15_step1_stripe_inbound_events.py (down_revision=arch13_step7_verification),,,.github/workflows/ci.yml (migrations job),smoke,PASS 2026-09-30: applied by upgrade head on empty DB (CI run 36681150735 job 'Migration head & drift'),F-017
migration,arch15_step3_billing_accounts_and_subscriptions,#088 arch15_step3_billing_accounts_and_subscriptions.py (down_revision=arch15_step1_stripe_inbound_events),,,.github/workflows/ci.yml (migrations job),smoke,PASS 2026-09-30: applied by upgrade head on empty DB (CI run 36681150735 job 'Migration head & drift'),F-017
migration,arch15_step4_seat_event_vocabulary,#089 arch15_step4_seat_event_vocabulary.py (down_revision=arch15_step3_billing_accounts_and_subscriptions),,,.github/workflows/ci.yml (migrations job),smoke,PASS 2026-09-30: applied by upgrade head on empty DB (CI run 36681150735 job 'Migration head & drift'),F-017
migration,arch15_step5_invoices,#090 arch15_step5_invoices.py (down_revision=arch15_step4_seat_event_vocabulary),,,.github/workflows/ci.yml (migrations job),smoke,PASS 2026-09-30: applied by upgrade head on empty DB (CI run 36681150735 job 'Migration head & drift'),F-017
migration,arch15_step7_audit_enum,#091 arch15_step7_audit_enum.py (down_revision=arch15_step5_invoices),,,.github/workflows/ci.yml (migrations job),smoke,PASS 2026-09-30: applied by upgrade head on empty DB (CI run 36681150735 job 'Migration head & drift'),F-017
migration,arch15_step8_dunning_actions,#092 arch15_step8_dunning_actions.py (down_revision=arch15_step7_audit_enum),,,.github/workflows/ci.yml (migrations job),smoke,PASS 2026-09-30: applied by upgrade head on empty DB (CI run 36681150735 job 'Migration head & drift'),F-017
migration,sec1_step1_session_authenticated_at,#093 sec1_step1_session_authenticated_at.py (down_revision=arch15_step8_dunning_actions),,,.github/workflows/ci.yml (migrations job),smoke,PASS 2026-09-30: applied by upgrade head on empty DB (CI run 36681150735 job 'Migration head & drift'),F-017
migration,arch16_step1_verified_domains,#094 arch16_step1_verified_domains.py (down_revision=sec1_step1_session_authenticated_at),,,.github/workflows/ci.yml (migrations job),smoke,PASS 2026-09-30: applied by upgrade head on empty DB (CI run 36681150735 job 'Migration head & drift'),F-017
migration,arch16_step2_idp_configs,#095 arch16_step2_idp_configs.py (down_revision=arch16_step1_verified_domains),,,.github/workflows/ci.yml (migrations job),smoke,PASS 2026-09-30: applied by upgrade head on empty DB (CI run 36681150735 job 'Migration head & drift'),F-017
migration,arch16_step3_directory,#096 arch16_step3_directory.py (down_revision=arch16_step2_idp_configs),,,.github/workflows/ci.yml (migrations job),smoke,PASS 2026-09-30: applied by upgrade head on empty DB (CI run 36681150735 job 'Migration head & drift'),F-017
migration,arch16_step4_scim_keys,#097 arch16_step4_scim_keys.py (down_revision=arch16_step3_directory),,,.github/workflows/ci.yml (migrations job),smoke,PASS 2026-09-30: applied by upgrade head on empty DB (CI run 36681150735 job 'Migration head & drift'),F-017
migration,arch16_step5_sessions_and_policy,#098 arch16_step5_sessions_and_policy.py (down_revision=arch16_step4_scim_keys),,,.github/workflows/ci.yml (migrations job),smoke,PASS 2026-09-30: applied by upgrade head on empty DB (CI run 36681150735 job 'Migration head & drift'),F-017
migration,arch16_step6_assertions_and_replay,#099 arch16_step6_assertions_and_replay.py (down_revision=arch16_step5_sessions_and_policy),,,.github/workflows/ci.yml (migrations job),smoke,PASS 2026-09-30: applied by upgrade head on empty DB (CI run 36681150735 job 'Migration head & drift'),F-017
migration,arch16_step7_job_suppression,#100 arch16_step7_job_suppression.py (down_revision=arch16_step6_assertions_and_replay),,,.github/workflows/ci.yml (migrations job),smoke,PASS 2026-09-30: applied by upgrade head on empty DB (CI run 36681150735 job 'Migration head & drift'),F-017
migration,arch16_step8_outbox_identity_vocabulary,#101 arch16_step8_outbox_identity_vocabulary.py (down_revision=arch16_step7_job_suppression),,,.github/workflows/ci.yml (migrations job),smoke,PASS 2026-09-30: applied by upgrade head on empty DB (CI run 36681150735 job 'Migration head & drift'),F-017
migration,arch17_step1_slos,#102 arch17_step1_slos.py (down_revision=arch16_step8_outbox_identity_vocabulary),,,.github/workflows/ci.yml (migrations job),smoke,PASS 2026-09-30: applied by upgrade head on empty DB (CI run 36681150735 job 'Migration head & drift'),F-017
migration,arch18_step1_cogs_margins,#103 arch18_step1_cogs_margins.py (down_revision=arch17_step1_slos),,,.github/workflows/ci.yml (migrations job),smoke,PASS 2026-09-30: applied by upgrade head on empty DB (CI run 36681150735 job 'Migration head & drift'),F-017
migration,arch20_step1_audit_vocabulary,#104 arch20_step1_audit_vocabulary.py (down_revision=arch18_step1_cogs_margins),,,.github/workflows/ci.yml (migrations job),smoke,PASS 2026-09-30: applied by upgrade head on empty DB (CI run 36681150735 job 'Migration head & drift'),F-017
migration,arch20_step2_governance_residency,#105 arch20_step2_governance_residency.py (down_revision=arch20_step1_audit_vocabulary),,,.github/workflows/ci.yml (migrations job),smoke,PASS 2026-09-30: applied by upgrade head on empty DB (CI run 36681150735 job 'Migration head & drift'),F-017
migration,arch21_step1_public_api_tiers,#106 arch21_step1_public_api_tiers.py (down_revision=arch20_step2_governance_residency),,,.github/workflows/ci.yml (migrations job),smoke,PASS 2026-09-30: applied by upgrade head on empty DB (CI run 36681150735 job 'Migration head & drift'),F-017
migration,arch22_step1_byok_vocabulary,#107 arch22_step1_byok_vocabulary.py (down_revision=arch21_step1_public_api_tiers),,,.github/workflows/ci.yml (migrations job),smoke,PASS 2026-09-30: applied by upgrade head on empty DB (CI run 36681150735 job 'Migration head & drift'),F-017
migration,arch22_step2_byok_credentials,#108 arch22_step2_byok_credentials.py (down_revision=arch22_step1_byok_vocabulary),,,.github/workflows/ci.yml (migrations job),smoke,PASS 2026-09-30: applied by upgrade head on empty DB (CI run 36681150735 job 'Migration head & drift'),F-017
migration,arch23_step1_azure_credential_shape,#109 arch23_step1_azure_credential_shape.py (down_revision=arch22_step2_byok_credentials),,,.github/workflows/ci.yml (migrations job),smoke,PASS 2026-09-30: applied by upgrade head on empty DB (CI run 36681150735 job 'Migration head & drift'),F-017
migration,arch24_step1_rollup_cost_basis,#110 arch24_step1_rollup_cost_basis.py (down_revision=arch23_step1_azure_credential_shape),,,.github/workflows/ci.yml (migrations job),smoke,PASS 2026-09-30: applied by upgrade head on empty DB (CI run 36681150735 job 'Migration head & drift'),F-017
migration,arch24_step2_revenue_recognition,#111 arch24_step2_revenue_recognition.py (down_revision=arch24_step1_rollup_cost_basis),,,.github/workflows/ci.yml (migrations job),smoke,PASS 2026-09-30: applied by upgrade head on empty DB (CI run 36681150735 job 'Migration head & drift'),F-017
migration,arch25_step1_branding_vocabulary,#112 arch25_step1_branding_vocabulary.py (down_revision=arch24_step2_revenue_recognition),,,.github/workflows/ci.yml (migrations job),smoke,PASS 2026-09-30: applied by upgrade head on empty DB (CI run 36681150735 job 'Migration head & drift'),F-017
migration,arch25_step2_custom_domains,#113 arch25_step2_custom_domains.py (down_revision=arch25_step1_branding_vocabulary),,,.github/workflows/ci.yml (migrations job),smoke,PASS 2026-09-30: applied by upgrade head on empty DB (CI run 36681150735 job 'Migration head & drift'),F-017
migration,arch26_step1_export_vocabulary,#114 arch26_step1_export_vocabulary.py (down_revision=arch25_step2_custom_domains),,,.github/workflows/ci.yml (migrations job),smoke,PASS 2026-09-30: applied by upgrade head on empty DB (CI run 36681150735 job 'Migration head & drift'),F-017
migration,arch26_step2_warehouse_sync,#115 arch26_step2_warehouse_sync.py (down_revision=arch26_step1_export_vocabulary),,,.github/workflows/ci.yml (migrations job),smoke,PASS 2026-09-30: applied by upgrade head on empty DB (CI run 36681150735 job 'Migration head & drift'),F-017
migration,arch27_step1_partner_vocabulary,#116 arch27_step1_partner_vocabulary.py (down_revision=arch26_step2_warehouse_sync),,,.github/workflows/ci.yml (migrations job),smoke,PASS 2026-09-30: applied by upgrade head on empty DB (CI run 36681150735 job 'Migration head & drift'),F-017
migration,arch27_step2_partner_tenancy,#117 arch27_step2_partner_tenancy.py (down_revision=arch27_step1_partner_vocabulary),,,.github/workflows/ci.yml (migrations job),smoke,PASS 2026-09-30: applied by upgrade head on empty DB (CI run 36681150735 job 'Migration head & drift'),F-017
migration,arch27_step3_revenue_share_ledger,#118 arch27_step3_revenue_share_ledger.py (down_revision=arch27_step2_partner_tenancy),,,.github/workflows/ci.yml (migrations job),smoke,PASS 2026-09-30: applied by upgrade head on empty DB (CI run 36681150735 job 'Migration head & drift'),F-017
migration,arch29_step1_quota_tier_commercials,#119 arch29_step1_quota_tier_commercials.py (down_revision=arch27_step3_revenue_share_ledger),,,.github/workflows/ci.yml (migrations job),smoke,PASS 2026-09-30: applied by upgrade head on empty DB (CI run 36681150735 job 'Migration head & drift'),F-017
migration,arch29_step2_multi_gateway_expand,#120 arch29_step2_multi_gateway_expand.py (down_revision=arch29_step1_quota_tier_commercials),,,.github/workflows/ci.yml (migrations job),smoke,PASS 2026-09-30: applied by upgrade head on empty DB (CI run 36681150735 job 'Migration head & drift'),F-017
migration,arch30_step1_gateway_lifecycle_addons,#121 arch30_step1_gateway_lifecycle_addons.py (down_revision=arch29_step2_multi_gateway_expand),,,.github/workflows/ci.yml (migrations job),smoke,PASS 2026-09-30: applied by upgrade head on empty DB (CI run 36681150735 job 'Migration head & drift'),F-017
migration,arch30_step2_lapsed_tier_repair,#122 arch30_step2_lapsed_tier_repair.py (down_revision=arch30_step1_gateway_lifecycle_addons),,,.github/workflows/ci.yml (migrations job),smoke,PASS 2026-09-30: applied by upgrade head on empty DB (CI run 36681150735 job 'Migration head & drift'),F-017
migration,arch30_step3_workspace_clock,#123 arch30_step3_workspace_clock.py (down_revision=arch30_step2_lapsed_tier_repair),,,.github/workflows/ci.yml (migrations job),smoke,PASS 2026-09-30: applied by upgrade head on empty DB (CI run 36681150735 job 'Migration head & drift'),F-017
migration,arch31_step0_document_roles,#124 arch31_step0_document_roles.py (down_revision=arch30_step3_workspace_clock),,,.github/workflows/ci.yml (migrations job),smoke,PASS 2026-09-30: applied by upgrade head on empty DB (CI run 36681150735 job 'Migration head & drift'),F-017
migration,arch31_step1_procurement_vocabulary,#125 arch31_step1_procurement_vocabulary.py (down_revision=arch31_step0_document_roles),,,.github/workflows/ci.yml (migrations job),smoke,PASS 2026-09-30: applied by upgrade head on empty DB (CI run 36681150735 job 'Migration head & drift'),F-017
migration,arch31_step1_procurement_matching,#126 arch31_step1_procurement_matching.py (down_revision=arch31_step1_procurement_vocabulary),,,.github/workflows/ci.yml (migrations job),smoke,PASS 2026-09-30: applied by upgrade head on empty DB (CI run 36681150735 job 'Migration head & drift'),F-017
migration,arch32_step1_redaction,#127 arch32_step1_redaction.py (down_revision=arch31_step1_procurement_matching),,,.github/workflows/ci.yml (migrations job),smoke,PASS 2026-09-30: applied by upgrade head on empty DB (CI run 36681150735 job 'Migration head & drift'),F-017
migration,arch33_step1_assertions,#128 arch33_step1_assertions.py (down_revision=arch32_step1_redaction),,,.github/workflows/ci.yml (migrations job),smoke,PASS 2026-09-30: applied by upgrade head on empty DB (CI run 36681150735 job 'Migration head & drift'),F-017
migration,arch34_step1_radar,#129 arch34_step1_radar.py (down_revision=arch33_step1_assertions),,,.github/workflows/ci.yml (migrations job),smoke,PASS 2026-09-30: applied by upgrade head on empty DB (CI run 36681150735 job 'Migration head & drift'),F-017
migration,arch35_step1_calibration,#130 arch35_step1_calibration.py (down_revision=arch34_step1_radar),,,.github/workflows/ci.yml (migrations job),smoke,PASS 2026-09-30: applied by upgrade head on empty DB (CI run 36681150735 job 'Migration head & drift'),F-017
migration,arch39_step1_conversations,#131 arch39_step1_conversations.py (down_revision=arch35_step1_calibration),,,.github/workflows/ci.yml (migrations job),smoke,PASS 2026-09-30: applied by upgrade head on empty DB (CI run 36681150735 job 'Migration head & drift'),F-017
migration,arch37_step0_flow_vocabulary,#132 arch37_step0_flow_vocabulary.py (down_revision=arch39_step1_conversations),,,.github/workflows/ci.yml (migrations job),smoke,PASS 2026-09-30: applied by upgrade head on empty DB (CI run 36681150735 job 'Migration head & drift'),F-017
migration,arch37_step1_flow_builder,#133 arch37_step1_flow_builder.py (down_revision=arch37_step0_flow_vocabulary),,,.github/workflows/ci.yml (migrations job),smoke,PASS 2026-09-30: applied by upgrade head on empty DB (CI run 36681150735 job 'Migration head & drift'),F-017
migration,arch38_step0_batch_vocabulary,#134 arch38_step0_batch_vocabulary.py (down_revision=arch37_step1_flow_builder),,,.github/workflows/ci.yml (migrations job),smoke,PASS 2026-09-30: applied by upgrade head on empty DB (CI run 36681150735 job 'Migration head & drift'),F-017
migration,arch38_step1_batches,#135 arch38_step1_batches.py (down_revision=arch38_step0_batch_vocabulary),,,.github/workflows/ci.yml (migrations job),smoke,PASS 2026-09-30: applied by upgrade head on empty DB (CI run 36681150735 job 'Migration head & drift'),F-017
migration,arch40_step0_review_vocabulary,#136 arch40_step0_review_vocabulary.py (down_revision=arch38_step1_batches),,,.github/workflows/ci.yml (migrations job),smoke,PASS 2026-09-30: applied by upgrade head on empty DB (CI run 36681150735 job 'Migration head & drift'),F-017
migration,arch40_step1_settings_review,#137 arch40_step1_settings_review.py (down_revision=arch40_step0_review_vocabulary),,,.github/workflows/ci.yml (migrations job),smoke,PASS 2026-09-30: applied by upgrade head on empty DB (CI run 36681150735 job 'Migration head & drift'),F-017
migration,arch40_step2_settings_backfill,#138 arch40_step2_settings_backfill.py (down_revision=arch40_step1_settings_review),,,.github/workflows/ci.yml (migrations job),smoke,PASS 2026-09-30: applied by upgrade head on empty DB (CI run 36681150735 job 'Migration head & drift'),F-017
migration,arch40_step2a_review_view_paths,#139 arch40_step2a_review_view_paths.py (down_revision=arch40_step2_settings_backfill),,,.github/workflows/ci.yml (migrations job),smoke,PASS 2026-09-30: applied by upgrade head on empty DB (CI run 36681150735 job 'Migration head & drift'),F-017
migration,hm1_tier_price_per_key,#140 hm1_tier_price_per_key.py (down_revision=arch40_step2a_review_view_paths),,,.github/workflows/ci.yml (migrations job),smoke,PASS 2026-09-30: applied by upgrade head on empty DB (CI run 36681150735 job 'Migration head & drift'),F-017
migration,arch41_step1_extraction_memory,#141 arch41_step1_extraction_memory.py (down_revision=hm1_tier_price_per_key),,,.github/workflows/ci.yml (migrations job),smoke,PASS 2026-09-30: applied by upgrade head on empty DB (CI run 36681150735 job 'Migration head & drift'),F-017
migration,arch42_step1_entity_graph,#142 arch42_step1_entity_graph.py (down_revision=arch41_step1_extraction_memory),,,.github/workflows/ci.yml (migrations job),smoke,PASS 2026-09-30: applied by upgrade head on empty DB (CI run 36681150735 job 'Migration head & drift'),F-017
migration,arch43_step1_case_intelligence,#143 arch43_step1_case_intelligence.py (down_revision=arch42_step1_entity_graph),,,.github/workflows/ci.yml (migrations job),smoke,PASS 2026-09-30: applied by upgrade head on empty DB (CI run 36681150735 job 'Migration head & drift'),F-017
migration,arch44_step1_table_intelligence,#144 arch44_step1_table_intelligence.py (down_revision=arch43_step1_case_intelligence),,,.github/workflows/ci.yml (migrations job),smoke,PASS 2026-09-30: applied by upgrade head on empty DB (CI run 36681150735 job 'Migration head & drift'),F-017
migration,arch45_step1_corroboration,#145 arch45_step1_corroboration.py (down_revision=arch44_step1_table_intelligence),,,.github/workflows/ci.yml (migrations job),smoke,PASS 2026-09-30: applied by upgrade head on empty DB (CI run 36681150735 job 'Migration head & drift'),F-017
migration,arch46_step1_obligations,#146 arch46_step1_obligations.py (down_revision=arch45_step1_corroboration),,,.github/workflows/ci.yml (migrations job),smoke,PASS 2026-09-30: applied by upgrade head on empty DB (CI run 36681150735 job 'Migration head & drift'),F-017
migration,arch47_step1_erp_posting,#147 arch47_step1_erp_posting.py (down_revision=arch46_step1_obligations),,,.github/workflows/ci.yml (migrations job),smoke,PASS 2026-09-30: applied by upgrade head on empty DB (CI run 36681150735 job 'Migration head & drift'),F-017
migration,arch48_step1_collaborative_review,#148 arch48_step1_collaborative_review.py (down_revision=arch47_step1_erp_posting),,,.github/workflows/ci.yml (migrations job),smoke,PASS 2026-09-30: applied by upgrade head on empty DB (CI run 36681150735 job 'Migration head & drift'),F-017
migration,arch49_step1_process_intelligence,#149 arch49_step1_process_intelligence.py (down_revision=arch48_step1_collaborative_review),,,.github/workflows/ci.yml (migrations job),smoke,PASS 2026-09-30: applied by upgrade head on empty DB (CI run 36681150735 job 'Migration head & drift'),F-017
migration,arch50_step1_sovereign_revops,#150 arch50_step1_sovereign_revops.py (down_revision=arch49_step1_process_intelligence),,,.github/workflows/ci.yml (migrations job),smoke,PASS 2026-09-30: applied by upgrade head on empty DB (CI run 36681150735 job 'Migration head & drift'),F-017
migration,arch40_step3_contract_ai_settings,#151 arch40_step3_contract_ai_settings.py (down_revision=arch50_step1_sovereign_revops) HEAD,,,.github/workflows/ci.yml (migrations job),smoke,"PASS 2026-09-30: upgrade on empty DB, downgrade -1, re-upgrade (CI run 36681150735 job 'Migration head & drift')",F-017
config_var,PROJECT_NAME,backend Settings.PROJECT_NAME: str default='FlowPilot AI'; in .env.example=Y; in .env.production.template=N,,,,untested,,F-011
config_var,APP_VERSION,backend Settings.APP_VERSION: str default=APP_VERSION; in .env.example=Y; in .env.production.template=N,,,,untested,,F-011
config_var,API_TITLE,backend Settings.API_TITLE: str default='FlowPilot AI Core API'; in .env.example=Y; in .env.production.template=N,,,,untested,,F-011
config_var,ENVIRONMENT,backend Settings.ENVIRONMENT: str default='development'; in .env.example=Y; in .env.production.template=Y,,,tests/core/test_production_config_guard.py,deep,"PASS 2026-09-30 (Phase 2): the app refuses to start in production/staging when this is unsafe, missing or inconsistent",F-011;F-003
config_var,API_V1_STR,backend Settings.API_V1_STR: str default='/api/v1'; in .env.example=Y; in .env.production.template=N,,,,untested,,F-011
config_var,HOST,backend Settings.HOST: str default='0.0.0.0'; in .env.example=Y; in .env.production.template=N,,,,untested,,F-011
config_var,PORT,backend Settings.PORT: int default=8000; in .env.example=Y; in .env.production.template=N,,,,untested,,F-011
config_var,LOG_LEVEL,backend Settings.LOG_LEVEL: str default='INFO'; in .env.example=Y; in .env.production.template=Y,,,tests/core/test_production_config_guard.py,deep,"PASS 2026-09-30 (Phase 2): the app refuses to start in production/staging when this is unsafe, missing or inconsistent",F-003
config_var,CORS_ORIGINS,backend Settings.CORS_ORIGINS: str default='http://localhost:3000'; in .env.example=Y; in .env.production.template=Y,,,tests/core/test_production_config_guard.py,deep,"PASS 2026-09-30 (Phase 2): the app refuses to start in production/staging when this is unsafe, missing or inconsistent",F-011;F-003
config_var,POSTGRES_USER,backend Settings.POSTGRES_USER: str default='postgres'; in .env.example=Y; in .env.production.template=Y,,,tests/core/test_production_config_guard.py,smoke,PASS 2026-09-30 (Phase 2): exercised by the production guard tests (an input or one refusal case),F-003
config_var,POSTGRES_PASSWORD,backend Settings.POSTGRES_PASSWORD: str default='<redacted>'; in .env.example=Y; in .env.production.template=Y,,,tests/core/test_production_config_guard.py,deep,"PASS 2026-09-30 (Phase 2): the app refuses to start in production/staging when this is unsafe, missing or inconsistent",F-011;F-003
config_var,POSTGRES_DB,backend Settings.POSTGRES_DB: str default='flowpilot'; in .env.example=Y; in .env.production.template=Y,,,,untested,,
config_var,POSTGRES_HOST,backend Settings.POSTGRES_HOST: str default='localhost'; in .env.example=Y; in .env.production.template=N,,,tests/core/test_production_config_guard.py,smoke,PASS 2026-09-30 (Phase 2): exercised by the production guard tests (an input or one refusal case),F-011;F-003
config_var,POSTGRES_PORT,backend Settings.POSTGRES_PORT: int default=5432; in .env.example=Y; in .env.production.template=N,,,,untested,,F-011
config_var,JWT_SECRET_KEY,[CRITICAL:auth] backend Settings.JWT_SECRET_KEY: SecretStr default=<required>; in .env.example=Y; in .env.production.template=Y,,,tests/core/test_production_config_guard.py,deep,"PASS 2026-09-30 (Phase 2): the app refuses to start in production/staging when this is unsafe, missing or inconsistent",F-003
config_var,JWT_ALGORITHM,[CRITICAL:auth] backend Settings.JWT_ALGORITHM: str default='HS256'; in .env.example=Y; in .env.production.template=N,,,,untested,,F-011
config_var,API_KEY_PEPPER,backend Settings.API_KEY_PEPPER: SecretStr default=SecretStr('<redacted>'); in .env.example=Y; in .env.production.template=Y,,,tests/core/test_production_config_guard.py,deep,"PASS 2026-09-30 (Phase 2): the app refuses to start in production/staging when this is unsafe, missing or inconsistent",F-003
config_var,REDIS_IDENTITY_PEPPER,backend Settings.REDIS_IDENTITY_PEPPER: SecretStr default=SecretStr('<redacted>'); in .env.example=Y; in .env.production.template=Y,,,tests/core/test_production_config_guard.py,deep,"PASS 2026-09-30 (Phase 2): the app refuses to start in production/staging when this is unsafe, missing or inconsistent",F-003
config_var,ACCESS_TOKEN_EXPIRE_MINUTES,[CRITICAL:auth] backend Settings.ACCESS_TOKEN_EXPIRE_MINUTES: int default=10; in .env.example=Y; in .env.production.template=N,,,tests/infra/test_production_env_template.py,smoke,PASS 2026-09-30 (Phase 2): proven to reach the containers (every template setting does); its effect is not separately tested,F-011;F-047
config_var,REFRESH_TOKEN_EXPIRE_DAYS,[CRITICAL:auth] backend Settings.REFRESH_TOKEN_EXPIRE_DAYS: int default=14; in .env.example=Y; in .env.production.template=N,,,tests/infra/test_production_env_template.py,smoke,PASS 2026-09-30 (Phase 2): proven to reach the containers (every template setting does); its effect is not separately tested,F-011;F-047
config_var,SESSION_REUSE_GRACE_SECONDS,backend Settings.SESSION_REUSE_GRACE_SECONDS: int default=10; in .env.example=Y; in .env.production.template=N,,,,untested,,F-011
config_var,SESSION_CHAIN_WALK_LIMIT,backend Settings.SESSION_CHAIN_WALK_LIMIT: int default=16; in .env.example=Y; in .env.production.template=N,,,,untested,,F-011
config_var,EMAIL_VERIFICATION_TTL_HOURS,backend Settings.EMAIL_VERIFICATION_TTL_HOURS: int default=24; in .env.example=Y; in .env.production.template=N,,,,untested,,F-011
config_var,PASSWORD_RESET_TTL_MINUTES,[CRITICAL:auth] backend Settings.PASSWORD_RESET_TTL_MINUTES: int default=60; in .env.example=Y; in .env.production.template=N,,,,untested,,F-011
config_var,IDENTITY_TOKEN_MAX_PER_WINDOW,backend Settings.IDENTITY_TOKEN_MAX_PER_WINDOW: int default=5; in .env.example=Y; in .env.production.template=N,,,,untested,,F-011
config_var,IDENTITY_TOKEN_WINDOW_MINUTES,backend Settings.IDENTITY_TOKEN_WINDOW_MINUTES: int default=60; in .env.example=Y; in .env.production.template=N,,,,untested,,F-011
config_var,INVITATION_TTL_HOURS,backend Settings.INVITATION_TTL_HOURS: int default=72; in .env.example=N; in .env.production.template=N,,,,untested,,F-011
config_var,INVITATION_RESEND_COOLDOWN_MINUTES,backend Settings.INVITATION_RESEND_COOLDOWN_MINUTES: int default=5; in .env.example=N; in .env.production.template=N,,,,untested,,F-011
config_var,INVITATION_MAX_GRANTS,backend Settings.INVITATION_MAX_GRANTS: int default=50; in .env.example=N; in .env.production.template=N,,,,untested,,F-011
config_var,INVITATION_RETENTION_DAYS,backend Settings.INVITATION_RETENTION_DAYS: int default=180; in .env.example=N; in .env.production.template=N,,,,untested,,F-011
config_var,OWNERSHIP_TRANSFER_TTL_DAYS,backend Settings.OWNERSHIP_TRANSFER_TTL_DAYS: int default=7; in .env.example=N; in .env.production.template=N,,,,untested,,F-011
config_var,STORAGE_BACKEND,backend Settings.STORAGE_BACKEND: str default='local'; in .env.example=Y; in .env.production.template=Y,,,tests/core/test_production_config_guard.py,deep,"PASS 2026-09-30 (Phase 2): the app refuses to start in production/staging when this is unsafe, missing or inconsistent",F-003
config_var,UPLOAD_DIR,backend Settings.UPLOAD_DIR: Path default=Path('uploads'); in .env.example=Y; in .env.production.template=N,,,,untested,,F-011
config_var,STORAGE_QUARANTINE_DIR,backend Settings.STORAGE_QUARANTINE_DIR: Path default=Path('uploads/quarantine'); in .env.example=Y; in .env.production.template=N,,,,untested,,F-011
config_var,AUDIT_SWEEPER_DATABASE_URL,backend Settings.AUDIT_SWEEPER_DATABASE_URL: Optional[SecretStr] default=None; in .env.example=N; in .env.production.template=N,,,,untested,,F-011
config_var,FILE_RECLAMATION_DAYS,backend Settings.FILE_RECLAMATION_DAYS: int default=30; in .env.example=N; in .env.production.template=N,,,,untested,,F-011
config_var,MAX_UPLOAD_SIZE,backend Settings.MAX_UPLOAD_SIZE: int default=104857600; in .env.example=Y; in .env.production.template=N,,,tests/infra/test_production_env_template.py,smoke,PASS 2026-09-30 (Phase 2): proven to reach the containers (every template setting does); its effect is not separately tested,F-011;F-047
config_var,ALLOWED_MIME_TYPES,"backend Settings.ALLOWED_MIME_TYPES: list[str] default=['application/pdf', 'image/png', 'image/jpeg', 'image/jpg', 'image/tiff', 'image; in .env.example=N; in .env.production.template=N",,,,untested,,F-011
config_var,GROQ_API_KEY,backend Settings.GROQ_API_KEY: SecretStr | None default=None; in .env.example=Y; in .env.production.template=N,,,tests/infra/test_production_env_template.py,smoke,PASS 2026-09-30 (Phase 2): proven to reach the containers (every template setting does); its effect is not separately tested,F-011;F-047
config_var,GEMINI_API_KEY,backend Settings.GEMINI_API_KEY: SecretStr | None default=None; in .env.example=Y; in .env.production.template=N,,,tests/infra/test_production_env_template.py,smoke,PASS 2026-09-30 (Phase 2): proven to reach the containers (every template setting does); its effect is not separately tested,F-011;F-047
config_var,LLM_PROVIDER,backend Settings.LLM_PROVIDER: str default='groq'; in .env.example=Y; in .env.production.template=N,,,tests/infra/test_production_env_template.py,smoke,PASS 2026-09-30 (Phase 2): proven to reach the containers (every template setting does); its effect is not separately tested,F-011;F-047
config_var,GROQ_MODEL_NAME,backend Settings.GROQ_MODEL_NAME: str default='llama-3.3-70b-versatile'; in .env.example=Y; in .env.production.template=N,,,,untested,,F-011
config_var,GEMINI_MODEL_NAME,backend Settings.GEMINI_MODEL_NAME: str default='gemini-3.5-flash'; in .env.example=Y; in .env.production.template=N,,,,untested,,F-011
config_var,EMBEDDING_MODEL_NAME,backend Settings.EMBEDDING_MODEL_NAME: str default='all-MiniLM-L6-v2'; in .env.example=Y; in .env.production.template=N,,,,untested,,F-011
config_var,EMBEDDING_BATCH_SIZE,backend Settings.EMBEDDING_BATCH_SIZE: int default=32; in .env.example=Y; in .env.production.template=N,,,,untested,,F-011
config_var,OCR_LANGUAGE,backend Settings.OCR_LANGUAGE: str default='en'; in .env.example=Y; in .env.production.template=N,,,,untested,,F-011
config_var,PLATFORM_SMTP_HOST,backend Settings.PLATFORM_SMTP_HOST: str default=''; in .env.example=Y; in .env.production.template=Y,,,tests/core/test_production_config_guard.py,deep,"PASS 2026-09-30 (Phase 2): the app refuses to start in production/staging when this is unsafe, missing or inconsistent",F-003
config_var,PLATFORM_SMTP_PORT,backend Settings.PLATFORM_SMTP_PORT: int default=587; in .env.example=Y; in .env.production.template=Y,,,,untested,,
config_var,PLATFORM_SMTP_USERNAME,backend Settings.PLATFORM_SMTP_USERNAME: str default=''; in .env.example=Y; in .env.production.template=Y,,,,untested,,
config_var,PLATFORM_SMTP_PASSWORD,backend Settings.PLATFORM_SMTP_PASSWORD: SecretStr | None default=None; in .env.example=Y; in .env.production.template=Y,,,tests/infra/test_production_env_template.py,smoke,PASS 2026-09-30 (Phase 2): proven to reach the containers (every template setting does); its effect is not separately tested,F-047
config_var,PLATFORM_SMTP_ENCRYPTION,backend Settings.PLATFORM_SMTP_ENCRYPTION: str default='TLS'; in .env.example=Y; in .env.production.template=Y,,,,untested,,
config_var,PLATFORM_SMTP_FROM_EMAIL,backend Settings.PLATFORM_SMTP_FROM_EMAIL: str default='noreply@flowpilot.ai'; in .env.example=Y; in .env.production.template=Y,,,,untested,,
config_var,PLATFORM_SMTP_FROM_NAME,backend Settings.PLATFORM_SMTP_FROM_NAME: str default='FlowPilot AI'; in .env.example=Y; in .env.production.template=Y,,,,untested,,
config_var,FRONTEND_URL,backend Settings.FRONTEND_URL: str default='http://localhost:3000'; in .env.example=Y; in .env.production.template=Y,,,tests/core/test_production_config_guard.py,deep,"PASS 2026-09-30 (Phase 2): the app refuses to start in production/staging when this is unsafe, missing or inconsistent",F-003
config_var,EMAIL_ENCRYPTION_KEYS,backend Settings.EMAIL_ENCRYPTION_KEYS: Optional[SecretStr] default=SecretStr('<redacted>'); in .env.example=Y; in .env.production.template=Y,,,tests/core/test_production_config_guard.py,deep,"PASS 2026-09-30 (Phase 2): the app refuses to start in production/staging when this is unsafe, missing or inconsistent",F-003
config_var,RATE_LIMIT_ENABLED,backend Settings.RATE_LIMIT_ENABLED: bool default=True; in .env.example=Y; in .env.production.template=N,,,tests/core/test_production_config_guard.py,smoke,PASS 2026-09-30 (Phase 2): exercised by the production guard tests (an input or one refusal case),F-011;F-003
config_var,RATE_LIMIT_BACKEND,backend Settings.RATE_LIMIT_BACKEND: str default='redis'; in .env.example=Y; in .env.production.template=N,,,tests/core/test_production_config_guard.py,deep,"PASS 2026-09-30 (Phase 2): the app refuses to start in production/staging when this is unsafe, missing or inconsistent",F-011;F-003
config_var,REDIS_URL,backend Settings.REDIS_URL: Optional[SecretStr] default=SecretStr('<redacted>'); in .env.example=Y; in .env.production.template=N,,,tests/core/test_production_config_guard.py,deep,"PASS 2026-09-30 (Phase 2): the app refuses to start in production/staging when this is unsafe, missing or inconsistent",F-011;F-003
config_var,REDIS_SOCKET_TIMEOUT_SECONDS,backend Settings.REDIS_SOCKET_TIMEOUT_SECONDS: float default=0.25; in .env.example=N; in .env.production.template=N,,,,untested,,F-011
config_var,REDIS_MAX_CONNECTIONS,backend Settings.REDIS_MAX_CONNECTIONS: int default=50; in .env.example=N; in .env.production.template=N,,,,untested,,F-011
config_var,TRUSTED_PROXY_HOPS,backend Settings.TRUSTED_PROXY_HOPS: int default=0; in .env.example=Y; in .env.production.template=Y,,,,untested,,
config_var,DATABASE_REPLICA_URL,backend Settings.DATABASE_REPLICA_URL: Optional[SecretStr] default=None; in .env.example=Y; in .env.production.template=Y,,,,untested,,
config_var,DATABASE_REPLICA_ENFORCE_READ_ONLY,backend Settings.DATABASE_REPLICA_ENFORCE_READ_ONLY: bool default=True; in .env.example=Y; in .env.production.template=Y,,,,untested,,
config_var,TRUSTED_PROXY_HOPS_CONFIRMED,backend Settings.TRUSTED_PROXY_HOPS_CONFIRMED: bool default=False; in .env.example=Y; in .env.production.template=Y,,,,untested,,
config_var,RATE_LIMIT_GLOBAL_IP_PER_MINUTE,backend Settings.RATE_LIMIT_GLOBAL_IP_PER_MINUTE: int default=600; in .env.example=N; in .env.production.template=N,,,backend/tests/security/test_rate_limit_settings.py,deep,"pass (Phase 5, 2026-10-06)",F-011;F-064
config_var,RATE_LIMIT_USER_PER_MINUTE,backend Settings.RATE_LIMIT_USER_PER_MINUTE: int default=300; in .env.example=N; in .env.production.template=N,,,backend/tests/security/test_rate_limit_settings.py,deep,"pass (Phase 5, 2026-10-06)",F-011;F-064
config_var,RATE_LIMIT_LOGIN_IP_PER_5MIN,backend Settings.RATE_LIMIT_LOGIN_IP_PER_5MIN: int default=20; in .env.example=N; in .env.production.template=N,,,backend/tests/security/test_rate_limit_settings.py,deep,"pass (final release, 2026-10-06)",F-011;F-064
config_var,RATE_LIMIT_CREDENTIAL_PER_HOUR,backend Settings.RATE_LIMIT_CREDENTIAL_PER_HOUR: int default=10; in .env.example=N; in .env.production.template=N,,,backend/tests/security/test_rate_limit_settings.py,deep,"pass (Phase 5, 2026-10-06)",F-011;F-064
config_var,RATE_LIMIT_EXPORT_PER_HOUR,backend Settings.RATE_LIMIT_EXPORT_PER_HOUR: int default=5; in .env.example=N; in .env.production.template=N,,,backend/tests/security/test_rate_limit_settings.py,deep,"pass (Phase 5, 2026-10-06)",F-011;F-064
config_var,RAG_TOP_K,backend Settings.RAG_TOP_K: int default=5; in .env.example=Y; in .env.production.template=N,,,,untested,,F-011
config_var,RAG_SIMILARITY_THRESHOLD,backend Settings.RAG_SIMILARITY_THRESHOLD: float default=0.2; in .env.example=Y; in .env.production.template=N,,,,untested,,F-011
config_var,LLM_REQUEST_TOKEN_CEILINGS,"backend Settings.LLM_REQUEST_TOKEN_CEILINGS: dict[str, int] default={'groq': 12000}; in .env.example=N; in .env.production.template=N",,,,untested,,F-011
config_var,LLM_REQUEST_TOKEN_CEILING_DEFAULT,backend Settings.LLM_REQUEST_TOKEN_CEILING_DEFAULT: int default=32768; in .env.example=N; in .env.production.template=N,,,,untested,,F-011
config_var,LLM_TOKEN_ESTIMATE_MARGIN,backend Settings.LLM_TOKEN_ESTIMATE_MARGIN: float default=0.15; in .env.example=N; in .env.production.template=N,,,,untested,,F-011
config_var,RAG_RERANK_FLOOR_ENABLED,backend Settings.RAG_RERANK_FLOOR_ENABLED: bool default=True; in .env.example=N; in .env.production.template=N,,,,untested,,F-011
config_var,RAG_RERANK_ABSOLUTE_FLOOR,backend Settings.RAG_RERANK_ABSOLUTE_FLOOR: float default=-5.0; in .env.example=N; in .env.production.template=N,,,,untested,,F-011
config_var,RAG_FILENAME_PRIOR_MAX,backend Settings.RAG_FILENAME_PRIOR_MAX: float default=0.2; in .env.example=N; in .env.production.template=N,,,,untested,,F-011
config_var,RAG_DOMINANCE_MARGIN,backend Settings.RAG_DOMINANCE_MARGIN: float default=0.25; in .env.example=N; in .env.production.template=N,,,,untested,,F-011
config_var,ASSISTANT_SCOPE_MAX_DOCUMENTS,backend Settings.ASSISTANT_SCOPE_MAX_DOCUMENTS: int default=20; in .env.example=N; in .env.production.template=N,,,,untested,,F-011
config_var,RAG_MAX_CONTEXT_LENGTH,backend Settings.RAG_MAX_CONTEXT_LENGTH: int default=15000; in .env.example=Y; in .env.production.template=N,,,,untested,,F-011
config_var,MAX_CONVERSATION_MESSAGES,backend Settings.MAX_CONVERSATION_MESSAGES: int default=10; in .env.example=N; in .env.production.template=N,,,,untested,,F-011
config_var,MAX_CONVERSATION_TITLE_LENGTH,backend Settings.MAX_CONVERSATION_TITLE_LENGTH: int default=150; in .env.example=N; in .env.production.template=N,,,,untested,,F-011
config_var,MAX_SOURCE_CITATIONS,backend Settings.MAX_SOURCE_CITATIONS: int default=5; in .env.example=N; in .env.production.template=N,,,,untested,,F-011
config_var,LLM_TEMPERATURE,backend Settings.LLM_TEMPERATURE: float default=0.2; in .env.example=N; in .env.production.template=N,,,,untested,,F-011
config_var,LLM_CLASSIFICATION_TEMPERATURE,backend Settings.LLM_CLASSIFICATION_TEMPERATURE: float default=0.0; in .env.example=N; in .env.production.template=N,,,,untested,,F-011
config_var,LLM_ENTITY_EXTRACTION_TEMPERATURE,backend Settings.LLM_ENTITY_EXTRACTION_TEMPERATURE: float default=0.1; in .env.example=N; in .env.production.template=N,,,,untested,,F-011
config_var,LLM_SUMMARIZATION_TEMPERATURE,backend Settings.LLM_SUMMARIZATION_TEMPERATURE: float default=0.3; in .env.example=N; in .env.production.template=N,,,,untested,,F-011
config_var,GROQ_RAG_TEMPERATURE,backend Settings.GROQ_RAG_TEMPERATURE: float default=0.3; in .env.example=N; in .env.production.template=N,,,,untested,,F-011
config_var,GEMINI_RAG_TEMPERATURE,backend Settings.GEMINI_RAG_TEMPERATURE: float default=0.2; in .env.example=N; in .env.production.template=N,,,,untested,,F-011
config_var,LLM_MAX_OUTPUT_TOKENS,backend Settings.LLM_MAX_OUTPUT_TOKENS: int default=2048; in .env.example=N; in .env.production.template=N,,,,untested,,F-011
config_var,ENABLE_TOKEN_TRACKING,backend Settings.ENABLE_TOKEN_TRACKING: bool default=True; in .env.example=Y; in .env.production.template=N,,,,untested,,F-011
config_var,TOKEN_COST_PER_1K_INPUT,backend Settings.TOKEN_COST_PER_1K_INPUT: float default=0.0; in .env.example=N; in .env.production.template=N,,,,untested,,F-011
config_var,TOKEN_COST_PER_1K_OUTPUT,backend Settings.TOKEN_COST_PER_1K_OUTPUT: float default=0.0; in .env.example=N; in .env.production.template=N,,,,untested,,F-011
config_var,MAX_CONTEXT_CHUNKS_PER_DOCUMENT,backend Settings.MAX_CONTEXT_CHUNKS_PER_DOCUMENT: int default=3; in .env.example=N; in .env.production.template=N,,,,untested,,F-011
config_var,RERANK_MIN_RESULTS,backend Settings.RERANK_MIN_RESULTS: int default=4; in .env.example=N; in .env.production.template=N,,,,untested,,F-011
config_var,RERANK_MAX_CANDIDATES,backend Settings.RERANK_MAX_CANDIDATES: int default=15; in .env.example=N; in .env.production.template=N,,,,untested,,F-011
config_var,RERANK_FINAL_RESULTS,backend Settings.RERANK_FINAL_RESULTS: int default=8; in .env.example=N; in .env.production.template=N,,,,untested,,F-011
config_var,DOCUMENT_FILTER_MARGIN,backend Settings.DOCUMENT_FILTER_MARGIN: float default=0.25; in .env.example=Y; in .env.production.template=N,,,,untested,,F-011
config_var,DOCUMENT_SCORE_TOP_K,backend Settings.DOCUMENT_SCORE_TOP_K: int default=3; in .env.example=Y; in .env.production.template=N,,,,untested,,F-011
config_var,MAX_RESPONSE_CITATIONS,backend Settings.MAX_RESPONSE_CITATIONS: int default=3; in .env.example=N; in .env.production.template=N,,,,untested,,F-011
config_var,CITATION_RERANK_WEIGHT,backend Settings.CITATION_RERANK_WEIGHT: float default=0.6; in .env.example=N; in .env.production.template=N,,,,untested,,F-011
config_var,CITATION_RRF_WEIGHT,backend Settings.CITATION_RRF_WEIGHT: float default=0.25; in .env.example=N; in .env.production.template=N,,,,untested,,F-011
config_var,CITATION_SEMANTIC_WEIGHT,backend Settings.CITATION_SEMANTIC_WEIGHT: float default=0.15; in .env.example=N; in .env.production.template=N,,,,untested,,F-011
config_var,SNIPPET_MAX_SENTENCES,backend Settings.SNIPPET_MAX_SENTENCES: int default=2; in .env.example=N; in .env.production.template=N,,,,untested,,F-011
config_var,MAX_SNIPPET_LENGTH,backend Settings.MAX_SNIPPET_LENGTH: int default=240; in .env.example=N; in .env.production.template=N,,,,untested,,F-011
config_var,RETRIEVAL_MIN_RECALL,backend Settings.RETRIEVAL_MIN_RECALL: float default=0.95; in .env.example=N; in .env.production.template=N,,,,untested,,F-011
config_var,RETRIEVAL_MIN_PRECISION,backend Settings.RETRIEVAL_MIN_PRECISION: float default=0.9; in .env.example=N; in .env.production.template=N,,,,untested,,F-011
config_var,RETRIEVAL_MIN_MRR,backend Settings.RETRIEVAL_MIN_MRR: float default=0.85; in .env.example=N; in .env.production.template=N,,,,untested,,F-011
config_var,RETRIEVAL_MAX_CONTAMINATION,backend Settings.RETRIEVAL_MAX_CONTAMINATION: float default=0.1; in .env.example=N; in .env.production.template=N,,,,untested,,F-011
config_var,RETRIEVAL_MAX_LATENCY_MS,backend Settings.RETRIEVAL_MAX_LATENCY_MS: float default=300.0; in .env.example=N; in .env.production.template=N,,,,untested,,F-011
config_var,RETRIEVAL_FAIL_FAST,backend Settings.RETRIEVAL_FAIL_FAST: bool default=False; in .env.example=N; in .env.production.template=N,,,,untested,,F-011
config_var,SPEND_DEFAULT_MONTHLY_COST_MICROS,backend Settings.SPEND_DEFAULT_MONTHLY_COST_MICROS: Optional[int] default=25000000; in .env.example=N; in .env.production.template=N,,,,untested,,F-011
config_var,SPEND_DEFAULT_DAILY_COST_MICROS,backend Settings.SPEND_DEFAULT_DAILY_COST_MICROS: Optional[int] default=5000000; in .env.example=N; in .env.production.template=N,,,,untested,,F-011
config_var,SPEND_DEFAULT_MONTHLY_OCR_PAGES,backend Settings.SPEND_DEFAULT_MONTHLY_OCR_PAGES: Optional[int] default=2000; in .env.example=N; in .env.production.template=N,,,,untested,,F-011
config_var,SPEND_DEFAULT_MONTHLY_LLM_INPUT_TOKENS,backend Settings.SPEND_DEFAULT_MONTHLY_LLM_INPUT_TOKENS: Optional[int] default=2000000; in .env.example=N; in .env.production.template=N,,,,untested,,F-011
config_var,SPEND_DEFAULT_MONTHLY_LLM_OUTPUT_TOKENS,backend Settings.SPEND_DEFAULT_MONTHLY_LLM_OUTPUT_TOKENS: Optional[int] default=500000; in .env.example=N; in .env.production.template=N,,,,untested,,F-011
config_var,SPEND_DEFAULT_MONTHLY_EMBEDDING_TOKENS,backend Settings.SPEND_DEFAULT_MONTHLY_EMBEDDING_TOKENS: Optional[int] default=5000000; in .env.example=N; in .env.production.template=N,,,,untested,,F-011
config_var,S3_BUCKET,backend Settings.S3_BUCKET: Optional[str] default=None; in .env.example=Y; in .env.production.template=Y,,,tests/core/test_production_config_guard.py,smoke,PASS 2026-09-30 (Phase 2): exercised by the production guard tests (an input or one refusal case),F-003
config_var,S3_REGION,backend Settings.S3_REGION: Optional[str] default='auto'; in .env.example=N; in .env.production.template=Y,,,,untested,,
config_var,S3_ENDPOINT_URL,backend Settings.S3_ENDPOINT_URL: Optional[str] default=None; in .env.example=Y; in .env.production.template=Y,,,tests/core/test_production_config_guard.py,smoke,PASS 2026-09-30 (Phase 2): exercised by the production guard tests (an input or one refusal case),F-003
config_var,S3_PREFIX,backend Settings.S3_PREFIX: str default=''; in .env.example=N; in .env.production.template=Y,,,,untested,,
config_var,S3_SERVER_SIDE_ENCRYPTION,backend Settings.S3_SERVER_SIDE_ENCRYPTION: Optional[str] default='AES256'; in .env.example=N; in .env.production.template=N,,,,untested,,F-011
config_var,S3_MAX_POOL_CONNECTIONS,backend Settings.S3_MAX_POOL_CONNECTIONS: int default=20; in .env.example=N; in .env.production.template=N,,,,untested,,F-011
config_var,S3_MULTIPART_THRESHOLD,backend Settings.S3_MULTIPART_THRESHOLD: int default=16 * 1024 * 1024; in .env.example=N; in .env.production.template=N,,,,untested,,F-011
config_var,S3_MULTIPART_CHUNKSIZE,backend Settings.S3_MULTIPART_CHUNKSIZE: int default=16 * 1024 * 1024; in .env.example=N; in .env.production.template=N,,,,untested,,F-011
config_var,S3_MAX_CONCURRENCY,backend Settings.S3_MAX_CONCURRENCY: int default=4; in .env.example=N; in .env.production.template=N,,,,untested,,F-011
config_var,S3_ACCESS_KEY_ID,"backend Settings.S3_ACCESS_KEY_ID: Optional[str] default=Field(default=None, validation_alias=AliasChoices('S3_ACCESS_KEY_ID', 'AWS_ACCES; in .env.example=N; in .env.production.template=Y",,,tests/core/test_production_config_guard.py,deep,"PASS 2026-09-30 (Phase 2): the app refuses to start in production/staging when this is unsafe, missing or inconsistent",F-003
config_var,S3_SECRET_ACCESS_KEY,"backend Settings.S3_SECRET_ACCESS_KEY: Optional[SecretStr] default=Field(default=None, validation_alias=AliasChoices('<redacted>', 'AWS_S; in .env.example=N; in .env.production.template=Y",,,tests/core/test_production_config_guard.py,deep,"PASS 2026-09-30 (Phase 2): the app refuses to start in production/staging when this is unsafe, missing or inconsistent",F-003
config_var,S3_SESSION_TOKEN,"backend Settings.S3_SESSION_TOKEN: Optional[SecretStr] default=Field(default=None, validation_alias=AliasChoices('<redacted>', 'AWS_SESSI; in .env.example=N; in .env.production.template=N",,,,untested,,F-011
config_var,S3_DEV_FALLBACK_CREDENTIALS,backend Settings.S3_DEV_FALLBACK_CREDENTIALS: bool default=True; in .env.example=N; in .env.production.template=N,,,,untested,,F-011
config_var,S3_REGIONAL_BUCKETS,"backend Settings.S3_REGIONAL_BUCKETS: dict[str, str] default={}; in .env.example=N; in .env.production.template=Y",,,,untested,,
config_var,SAML_CLOCK_SKEW_S,backend Settings.SAML_CLOCK_SKEW_S: int default=120; in .env.example=Y; in .env.production.template=N,,,,untested,,F-011
config_var,SAML_RAW_ASSERTION_RETENTION_DAYS,backend Settings.SAML_RAW_ASSERTION_RETENTION_DAYS: int default=30; in .env.example=N; in .env.production.template=N,,,,untested,,F-011
config_var,SAML_CRYPTO_BACKEND,backend Settings.SAML_CRYPTO_BACKEND: Literal['signxml'] default='signxml'; in .env.example=N; in .env.production.template=N,,,,untested,,F-011
config_var,SAML_XSW_DEFENCE_ENABLED,backend Settings.SAML_XSW_DEFENCE_ENABLED: bool default=True; in .env.example=N; in .env.production.template=N,,,tests/core/test_production_config_guard.py,smoke,PASS 2026-09-30 (Phase 2): exercised by the production guard tests (an input or one refusal case),F-011;F-003
config_var,DNS_RESOLVERS,"backend Settings.DNS_RESOLVERS: str default='1.1.1.1,8.8.8.8'; in .env.example=N; in .env.production.template=N",,,,untested,,F-011
config_var,DNS_TIMEOUT_S,backend Settings.DNS_TIMEOUT_S: float default=5.0; in .env.example=N; in .env.production.template=N,,,,untested,,F-011
config_var,DOMAIN_VERIFICATION_TXT_PREFIX,backend Settings.DOMAIN_VERIFICATION_TXT_PREFIX: str default='flowpilot-site-verification'; in .env.example=Y; in .env.production.template=N,,,,untested,,F-011
config_var,DOMAIN_VERIFICATION_TOKEN_TTL_DAYS,backend Settings.DOMAIN_VERIFICATION_TOKEN_TTL_DAYS: int default=30; in .env.example=Y; in .env.production.template=N,,,,untested,,F-011
config_var,CUSTOM_DOMAINS_ENABLED,backend Settings.CUSTOM_DOMAINS_ENABLED: bool default=False; in .env.example=Y; in .env.production.template=Y,,,backend/tests/api/test_not_configured_is_not_an_error.py,deep,"pass (Phase 5, 2026-10-06)",F-060
config_var,PLATFORM_RESERVED_HOSTS,backend Settings.PLATFORM_RESERVED_HOSTS: list[str] default=[]; in .env.example=Y; in .env.production.template=Y,,,,untested,,
config_var,CUSTOM_DOMAIN_CHALLENGE_TTL_HOURS,backend Settings.CUSTOM_DOMAIN_CHALLENGE_TTL_HOURS: int default=168; in .env.example=Y; in .env.production.template=Y,,,tests/infra/test_production_env_template.py,smoke,PASS 2026-09-30 (Phase 2): proven to reach the containers (every template setting does); its effect is not separately tested,F-047
config_var,CUSTOM_DOMAIN_MAX_PER_ORG,backend Settings.CUSTOM_DOMAIN_MAX_PER_ORG: int default=10; in .env.example=Y; in .env.production.template=Y,,,tests/infra/test_production_env_template.py,smoke,PASS 2026-09-30 (Phase 2): proven to reach the containers (every template setting does); its effect is not separately tested,F-047
config_var,CUSTOM_DOMAIN_VERIFY_INTERVAL_MINUTES,backend Settings.CUSTOM_DOMAIN_VERIFY_INTERVAL_MINUTES: int default=30; in .env.example=N; in .env.production.template=N,,,,untested,,F-011
config_var,CUSTOM_DOMAIN_MAX_VERIFY_FAILURES,backend Settings.CUSTOM_DOMAIN_MAX_VERIFY_FAILURES: int default=20; in .env.example=N; in .env.production.template=N,,,,untested,,F-011
config_var,ACME_AGENT_URL,backend Settings.ACME_AGENT_URL: str default=''; in .env.example=Y; in .env.production.template=Y,,,,untested,,
config_var,ACME_AGENT_TOKEN,backend Settings.ACME_AGENT_TOKEN: SecretStr | None default=None; in .env.example=N; in .env.production.template=N,,,,untested,,F-011
config_var,ACME_DIRECTORY_URL,backend Settings.ACME_DIRECTORY_URL: str default='https://acme-v02.api.letsencrypt.org/directory'; in .env.example=N; in .env.production.template=N,,,,untested,,F-011
config_var,ACME_CONTACT_EMAIL,backend Settings.ACME_CONTACT_EMAIL: str default=''; in .env.example=Y; in .env.production.template=Y,,,,untested,,
config_var,ACME_REQUEST_TIMEOUT_S,backend Settings.ACME_REQUEST_TIMEOUT_S: float default=20.0; in .env.example=N; in .env.production.template=N,,,,untested,,F-011
config_var,TLS_RENEWAL_WINDOW_DAYS,backend Settings.TLS_RENEWAL_WINDOW_DAYS: int default=30; in .env.example=Y; in .env.production.template=Y,,,tests/infra/test_production_env_template.py,smoke,PASS 2026-09-30 (Phase 2): proven to reach the containers (every template setting does); its effect is not separately tested,F-047
config_var,TLS_DEAD_MAN_DAYS,backend Settings.TLS_DEAD_MAN_DAYS: int default=7; in .env.example=Y; in .env.production.template=Y,,,tests/infra/test_production_env_template.py,smoke,PASS 2026-09-30 (Phase 2): proven to reach the containers (every template setting does); its effect is not separately tested,F-047
config_var,TLS_RENEWAL_SWEEP_INTERVAL_MINUTES,backend Settings.TLS_RENEWAL_SWEEP_INTERVAL_MINUTES: int default=60; in .env.example=N; in .env.production.template=N,,,,untested,,F-011
config_var,BRANDING_MANIFEST_CACHE_SECONDS,backend Settings.BRANDING_MANIFEST_CACHE_SECONDS: int default=60; in .env.example=N; in .env.production.template=N,,,,untested,,F-011
config_var,BRANDING_MAX_LOGO_BYTES,backend Settings.BRANDING_MAX_LOGO_BYTES: int default=2 * 1024 * 1024; in .env.example=N; in .env.production.template=N,,,,untested,,F-011
config_var,BRANDING_MAX_FAVICON_BYTES,backend Settings.BRANDING_MAX_FAVICON_BYTES: int default=512 * 1024; in .env.example=N; in .env.production.template=N,,,,untested,,F-011
config_var,BRANDING_MAX_IMAGE_DIMENSION,backend Settings.BRANDING_MAX_IMAGE_DIMENSION: int default=2048; in .env.example=N; in .env.production.template=N,,,,untested,,F-011
config_var,COMPLIANCE_EXPORT_TTL_HOURS,backend Settings.COMPLIANCE_EXPORT_TTL_HOURS: int default=72; in .env.example=N; in .env.production.template=N,,,,untested,,F-011
config_var,STORAGE_SAMPLE_INTERVAL_MINUTES,backend Settings.STORAGE_SAMPLE_INTERVAL_MINUTES: int default=60; in .env.example=N; in .env.production.template=N,,,,untested,,F-011
config_var,MAX_DOCUMENT_PAGES,backend Settings.MAX_DOCUMENT_PAGES: int default=500; in .env.example=Y; in .env.production.template=N,,,,untested,,F-011
config_var,SCRUB_UPLOAD_METADATA,backend Settings.SCRUB_UPLOAD_METADATA: bool default=True; in .env.example=Y; in .env.production.template=N,,,,untested,,F-011
config_var,OCR_PROVIDER,backend Settings.OCR_PROVIDER: str default='paddleocr'; in .env.example=Y; in .env.production.template=N,,,,untested,,F-011
config_var,OCR_MAX_PAGES_PER_DOCUMENT,backend Settings.OCR_MAX_PAGES_PER_DOCUMENT: int default=500; in .env.example=N; in .env.production.template=N,,,,untested,,F-011
config_var,OCR_JOB_MAX_ATTEMPTS,backend Settings.OCR_JOB_MAX_ATTEMPTS: int default=5; in .env.example=N; in .env.production.template=N,,,,untested,,F-011
config_var,OCR_GUARD_BEFORE_EXTRACTION,backend Settings.OCR_GUARD_BEFORE_EXTRACTION: bool default=False; in .env.example=N; in .env.production.template=N,,,,untested,,F-011
config_var,EMBEDDING_METERING_ENABLED,backend Settings.EMBEDDING_METERING_ENABLED: bool default=True; in .env.example=N; in .env.production.template=N,,,,untested,,F-011
config_var,EMBEDDING_MAX_SEQUENCE_TOKENS,backend Settings.EMBEDDING_MAX_SEQUENCE_TOKENS: Optional[int] default=None; in .env.example=N; in .env.production.template=N,,,,untested,,F-011
config_var,EMBEDDING_DIMENSION,backend Settings.EMBEDDING_DIMENSION: int default=384; in .env.example=Y; in .env.production.template=N,,,,untested,,F-011
config_var,GOLDEN_SET_PATH,backend Settings.GOLDEN_SET_PATH: str default='evaluation/golden/arch11_golden_v1.json'; in .env.example=N; in .env.production.template=N,,,,untested,,F-011
config_var,RETRIEVAL_BASELINE_DIR,backend Settings.RETRIEVAL_BASELINE_DIR: str default='evaluation/baselines'; in .env.example=N; in .env.production.template=N,,,,untested,,F-011
config_var,DOCUMENT_CHUNK_PARTITIONS,backend Settings.DOCUMENT_CHUNK_PARTITIONS: int default=16; in .env.example=Y; in .env.production.template=N,,,,untested,,F-011
config_var,HNSW_ITERATIVE_SCAN,backend Settings.HNSW_ITERATIVE_SCAN: str default='relaxed_order'; in .env.example=N; in .env.production.template=N,,,,untested,,F-011
config_var,HNSW_EF_SEARCH,backend Settings.HNSW_EF_SEARCH: int default=40; in .env.example=N; in .env.production.template=N,,,,untested,,F-011
config_var,APPLY_HNSW_SESSION_DEFAULTS,backend Settings.APPLY_HNSW_SESSION_DEFAULTS: bool default=True; in .env.example=N; in .env.production.template=N,,,,untested,,F-011
config_var,CHUNK_SIZE_TOKENS,backend Settings.CHUNK_SIZE_TOKENS: int default=220; in .env.example=N; in .env.production.template=N,,,,untested,,F-011
config_var,CHUNK_OVERLAP_PCT,backend Settings.CHUNK_OVERLAP_PCT: int default=10; in .env.example=N; in .env.production.template=N,,,,untested,,F-011
config_var,SPEND_PLATFORM_MONTHLY_BACKFILL_TOKENS,backend Settings.SPEND_PLATFORM_MONTHLY_BACKFILL_TOKENS: Optional[int] default=200000000; in .env.example=N; in .env.production.template=N,,,,untested,,F-011
config_var,LEXICAL_TSVECTOR_CONFIG,backend Settings.LEXICAL_TSVECTOR_CONFIG: str default='english'; in .env.example=N; in .env.production.template=N,,,,untested,,F-011
config_var,LEXICAL_TRIGRAM_THRESHOLD,backend Settings.LEXICAL_TRIGRAM_THRESHOLD: float default=0.3; in .env.example=N; in .env.production.template=N,,,,untested,,F-011
config_var,LEXICAL_CANDIDATES,backend Settings.LEXICAL_CANDIDATES: int default=50; in .env.example=N; in .env.production.template=N,,,,untested,,F-011
config_var,HYBRID_CANDIDATES,backend Settings.HYBRID_CANDIDATES: int default=150; in .env.example=N; in .env.production.template=N,,,,untested,,F-011
config_var,HYBRID_WEIGHT_DENSE,backend Settings.HYBRID_WEIGHT_DENSE: float default=1.0; in .env.example=N; in .env.production.template=N,,,,untested,,F-011
config_var,HYBRID_WEIGHT_FULL_TEXT,backend Settings.HYBRID_WEIGHT_FULL_TEXT: float default=1.0; in .env.example=N; in .env.production.template=N,,,,untested,,F-011
config_var,HYBRID_WEIGHT_FUZZY,backend Settings.HYBRID_WEIGHT_FUZZY: float default=0.5; in .env.example=N; in .env.production.template=N,,,,untested,,F-011
config_var,RERANKER_ENABLED,backend Settings.RERANKER_ENABLED: bool default=True; in .env.example=N; in .env.production.template=Y,,,tests/core/test_production_config_guard.py,smoke,PASS 2026-09-30 (Phase 2): exercised by the production guard tests (an input or one refusal case),F-003
config_var,RERANKER_URL,backend Settings.RERANKER_URL: str default='http://reranker:8081'; in .env.example=N; in .env.production.template=N,,,,untested,,F-011
config_var,RERANKER_INTERNAL_TOKEN,backend Settings.RERANKER_INTERNAL_TOKEN: Optional[SecretStr] default=None; in .env.example=N; in .env.production.template=Y,,,tests/core/test_production_config_guard.py,deep,"PASS 2026-09-30 (Phase 2): the app refuses to start in production/staging when this is unsafe, missing or inconsistent",F-003
config_var,RERANKER_TIMEOUT,backend Settings.RERANKER_TIMEOUT: float default=2.0; in .env.example=N; in .env.production.template=N,,,,untested,,F-011
config_var,RERANKER_CONNECT_TIMEOUT,backend Settings.RERANKER_CONNECT_TIMEOUT: float default=0.5; in .env.example=N; in .env.production.template=N,,,,untested,,F-011
config_var,RERANKER_BREAKER_THRESHOLD,backend Settings.RERANKER_BREAKER_THRESHOLD: int default=5; in .env.example=N; in .env.production.template=N,,,,untested,,F-011
config_var,RERANKER_BREAKER_RESET_SECONDS,backend Settings.RERANKER_BREAKER_RESET_SECONDS: float default=30.0; in .env.example=N; in .env.production.template=N,,,,untested,,F-011
config_var,FLOWPILOT_EDITION,backend Settings.FLOWPILOT_EDITION: str default='saas'; in .env.example=N; in .env.production.template=N,,,,untested,,F-011
config_var,EGRESS_MODE,backend Settings.EGRESS_MODE: str default='open'; in .env.example=N; in .env.production.template=N,,,,untested,,F-011
config_var,EGRESS_OPERATOR_HOSTS,backend Settings.EGRESS_OPERATOR_HOSTS: str default=''; in .env.example=N; in .env.production.template=N,,,,untested,,F-011
config_var,LOCAL_LLM_MODE,backend Settings.LOCAL_LLM_MODE: str default='off'; in .env.example=N; in .env.production.template=N,,,,untested,,F-011
config_var,LOCAL_LLM_BASE_URL,backend Settings.LOCAL_LLM_BASE_URL: Optional[str] default=None; in .env.example=N; in .env.production.template=N,,,,untested,,F-011
config_var,LOCAL_LLM_MODEL,backend Settings.LOCAL_LLM_MODEL: str default=''; in .env.example=N; in .env.production.template=N,,,,untested,,F-011
config_var,LOCAL_LLM_API_KEY,backend Settings.LOCAL_LLM_API_KEY: Optional[SecretStr] default=None; in .env.example=N; in .env.production.template=N,,,,untested,,F-011
config_var,LOCAL_LLM_TIMEOUT_SECONDS,backend Settings.LOCAL_LLM_TIMEOUT_SECONDS: float default=120.0; in .env.example=N; in .env.production.template=N,,,,untested,,F-011
config_var,LICENCE_FILE,backend Settings.LICENCE_FILE: Optional[str] default=None; in .env.example=N; in .env.production.template=N,,,,untested,,F-011
config_var,CONTEXT_INJECTION_BLOCK_THRESHOLD,backend Settings.CONTEXT_INJECTION_BLOCK_THRESHOLD: int default=3; in .env.example=N; in .env.production.template=N,,,,untested,,F-011
config_var,LLM_METERING_ENABLED,backend Settings.LLM_METERING_ENABLED: bool default=True; in .env.example=Y; in .env.production.template=Y,,,tests/core/test_production_config_guard.py,smoke,PASS 2026-09-30 (Phase 2): exercised by the production guard tests (an input or one refusal case),F-003
config_var,LLM_REQUEST_DEADLINE_SECONDS,backend Settings.LLM_REQUEST_DEADLINE_SECONDS: float default=25.0; in .env.example=N; in .env.production.template=N,,,,untested,,F-011
config_var,AI_CONNECTION_TEST_DEADLINE_SECONDS,backend Settings.AI_CONNECTION_TEST_DEADLINE_SECONDS: float default=20.0; in .env.example=N; in .env.production.template=N,,,,untested,,F-011
config_var,SMTP_PRIVATE_HOST_ALLOWLIST,backend Settings.SMTP_PRIVATE_HOST_ALLOWLIST: list[str] default=[]; in .env.example=N; in .env.production.template=N,,,,untested,,F-011
config_var,SMTP_ALLOW_PRIVATE_IN_DEVELOPMENT,backend Settings.SMTP_ALLOW_PRIVATE_IN_DEVELOPMENT: bool default=True; in .env.example=N; in .env.production.template=N,,,,untested,,F-011
config_var,PIPELINE_STUCK_AFTER_MINUTES,backend Settings.PIPELINE_STUCK_AFTER_MINUTES: int default=90; in .env.example=N; in .env.production.template=N,,,,untested,,F-011
config_var,BILLING_PORTAL_ALLOW_LEGACY_GATEWAY,[CRITICAL:billing] backend Settings.BILLING_PORTAL_ALLOW_LEGACY_GATEWAY: bool default=False; in .env.example=N; in .env.production.template=N,,,,untested,,F-011
config_var,LLM_MAX_ATTEMPTS,backend Settings.LLM_MAX_ATTEMPTS: int default=3; in .env.example=N; in .env.production.template=N,,,,untested,,F-011
config_var,LLM_BACKOFF_BASE_SECONDS,backend Settings.LLM_BACKOFF_BASE_SECONDS: float default=0.5; in .env.example=N; in .env.production.template=N,,,,untested,,F-011
config_var,LLM_BACKOFF_CAP_SECONDS,backend Settings.LLM_BACKOFF_CAP_SECONDS: float default=4.0; in .env.example=N; in .env.production.template=N,,,,untested,,F-011
config_var,LLM_BREAKER_THRESHOLD,backend Settings.LLM_BREAKER_THRESHOLD: int default=5; in .env.example=N; in .env.production.template=N,,,,untested,,F-011
config_var,LLM_BREAKER_RESET_SECONDS,backend Settings.LLM_BREAKER_RESET_SECONDS: float default=30.0; in .env.example=N; in .env.production.template=N,,,,untested,,F-011
config_var,LLM_FAILOVER_ENABLED,backend Settings.LLM_FAILOVER_ENABLED: bool default=False; in .env.example=N; in .env.production.template=N,,,,untested,,F-011
config_var,LLM_FALLBACK_PROVIDER,backend Settings.LLM_FALLBACK_PROVIDER: Optional[str] default=None; in .env.example=N; in .env.production.template=N,,,,untested,,F-011
config_var,VOCABULARY_MAX_TERMS,backend Settings.VOCABULARY_MAX_TERMS: int default=400; in .env.example=N; in .env.production.template=N,,,,untested,,F-011
config_var,VOCABULARY_CACHE_TTL_SECONDS,backend Settings.VOCABULARY_CACHE_TTL_SECONDS: float default=900.0; in .env.example=N; in .env.production.template=N,,,,untested,,F-011
config_var,VOCABULARY_CACHE_MAX_WORKSPACES,backend Settings.VOCABULARY_CACHE_MAX_WORKSPACES: int default=32; in .env.example=N; in .env.production.template=N,,,,untested,,F-011
config_var,INTENT_DETECTION_ENABLED,backend Settings.INTENT_DETECTION_ENABLED: bool default=True; in .env.example=N; in .env.production.template=N,,,,untested,,F-011
config_var,INTENT_BOOST_ENABLED,backend Settings.INTENT_BOOST_ENABLED: bool default=True; in .env.example=N; in .env.production.template=N,,,,untested,,F-011
config_var,MAX_CITATIONS,backend Settings.MAX_CITATIONS: int default=5; in .env.example=N; in .env.production.template=N,,,,untested,,F-011
config_var,SNIPPET_MAX_LENGTH,backend Settings.SNIPPET_MAX_LENGTH: int default=300; in .env.example=N; in .env.production.template=N,,,,untested,,F-011
config_var,LLM_CONTEXT_WINDOW_TOKENS,backend Settings.LLM_CONTEXT_WINDOW_TOKENS: int default=32768; in .env.example=N; in .env.production.template=N,,,,untested,,F-011
config_var,STREAM_DEADLINE_SECONDS,backend Settings.STREAM_DEADLINE_SECONDS: float default=120.0; in .env.example=N; in .env.production.template=N,,,,untested,,F-011
config_var,STREAM_MAX_CONCURRENT_PER_USER,backend Settings.STREAM_MAX_CONCURRENT_PER_USER: int default=2; in .env.example=N; in .env.production.template=N,,,,untested,,F-011
config_var,STREAM_MAX_CONCURRENT_PER_ORG,backend Settings.STREAM_MAX_CONCURRENT_PER_ORG: int default=20; in .env.example=N; in .env.production.template=N,,,,untested,,F-011
config_var,STREAM_MAX_MESSAGES_PER_MINUTE_PER_CONVERSATION,backend Settings.STREAM_MAX_MESSAGES_PER_MINUTE_PER_CONVERSATION: int default=10; in .env.example=N; in .env.production.template=N,,,,untested,,F-011
config_var,PDF_TEXT_LAYER_BBOXES_ENABLED,backend Settings.PDF_TEXT_LAYER_BBOXES_ENABLED: bool default=True; in .env.example=N; in .env.production.template=N,,,,untested,,F-011
config_var,PRICE_BOOK_CACHE_TTL_SECONDS,backend Settings.PRICE_BOOK_CACHE_TTL_SECONDS: float default=300.0; in .env.example=N; in .env.production.template=N,,,,untested,,F-011
config_var,ROLLUP_SEAL_GRACE_HOURS,backend Settings.ROLLUP_SEAL_GRACE_HOURS: int default=26; in .env.example=N; in .env.production.template=N,,,,untested,,F-011
config_var,ROLLUP_BATCH_SIZE,backend Settings.ROLLUP_BATCH_SIZE: int default=2000; in .env.example=N; in .env.production.template=N,,,,untested,,F-011
config_var,ROLLUP_MAX_BATCHES,backend Settings.ROLLUP_MAX_BATCHES: int default=20; in .env.example=N; in .env.production.template=N,,,,untested,,F-011
config_var,SPEND_USE_ROLLUP_READS,backend Settings.SPEND_USE_ROLLUP_READS: bool default=True; in .env.example=N; in .env.production.template=N,,,,untested,,F-011
config_var,QUOTA_TIER_CACHE_TTL_SECONDS,backend Settings.QUOTA_TIER_CACHE_TTL_SECONDS: float default=300.0; in .env.example=N; in .env.production.template=N,,,,untested,,F-011
config_var,QUOTA_DEFAULT_TIER_KEY,backend Settings.QUOTA_DEFAULT_TIER_KEY: Optional[str] default=None; in .env.example=N; in .env.production.template=N,,,,untested,,F-011
config_var,RECONCILE_MIN_AGE_DAYS,backend Settings.RECONCILE_MIN_AGE_DAYS: int default=2; in .env.example=N; in .env.production.template=N,,,,untested,,F-011
config_var,RECONCILE_BOUNDARY_HOURS,backend Settings.RECONCILE_BOUNDARY_HOURS: int default=6; in .env.example=N; in .env.production.template=N,,,,untested,,F-011
config_var,RECONCILE_ALERT_BPS,backend Settings.RECONCILE_ALERT_BPS: int default=50; in .env.example=N; in .env.production.template=N,,,,untested,,F-011
config_var,COGS_VARIANCE_ALERT_BPS,backend Settings.COGS_VARIANCE_ALERT_BPS: Optional[int] default=None; in .env.example=N; in .env.production.template=N,,,,untested,,F-011
config_var,COGS_INVOICE_MIN_AGE_DAYS,backend Settings.COGS_INVOICE_MIN_AGE_DAYS: Optional[int] default=None; in .env.example=N; in .env.production.template=N,,,,untested,,F-011
config_var,COGS_DEFAULT_WINDOW_DAYS,backend Settings.COGS_DEFAULT_WINDOW_DAYS: int default=30; in .env.example=N; in .env.production.template=N,,,,untested,,F-011
config_var,COGS_TENANT_RANKING_MAX,backend Settings.COGS_TENANT_RANKING_MAX: int default=500; in .env.example=N; in .env.production.template=N,,,,untested,,F-011
config_var,GEMINI_BILLING_LABELS_ENABLED,[CRITICAL:billing] backend Settings.GEMINI_BILLING_LABELS_ENABLED: bool default=False; in .env.example=N; in .env.production.template=N,,,,untested,,F-011
config_var,GEMINI_USE_VERTEX,backend Settings.GEMINI_USE_VERTEX: bool default=False; in .env.example=N; in .env.production.template=N,,,,untested,,F-011
config_var,GEMINI_VERTEX_PROJECT,backend Settings.GEMINI_VERTEX_PROJECT: Optional[str] default=None; in .env.example=N; in .env.production.template=N,,,,untested,,F-011
config_var,GEMINI_VERTEX_LOCATION,backend Settings.GEMINI_VERTEX_LOCATION: str default='us-central1'; in .env.example=N; in .env.production.template=N,,,,untested,,F-011
config_var,AUTOMATION_MAX_DEPTH,backend Settings.AUTOMATION_MAX_DEPTH: int default=5; in .env.example=Y; in .env.production.template=N,,,,untested,,F-011
config_var,AUTOMATION_MAX_NODES,backend Settings.AUTOMATION_MAX_NODES: int default=50; in .env.example=Y; in .env.production.template=N,,,,untested,,F-011
config_var,AUTOMATION_EXECUTION_TIMEOUT_S,backend Settings.AUTOMATION_EXECUTION_TIMEOUT_S: int default=120; in .env.example=Y; in .env.production.template=N,,,,untested,,F-011
config_var,AUTOMATION_MAX_ACTIONS_PER_EXECUTION,backend Settings.AUTOMATION_MAX_ACTIONS_PER_EXECUTION: int default=20; in .env.example=N; in .env.production.template=N,,,,untested,,F-011
config_var,AUTOMATION_DEFAULT_BUDGET_MICROS,backend Settings.AUTOMATION_DEFAULT_BUDGET_MICROS: int default=50000; in .env.example=N; in .env.production.template=N,,,,untested,,F-011
config_var,AUTOMATION_ENGINE_ENABLED,backend Settings.AUTOMATION_ENGINE_ENABLED: bool default=True; in .env.example=Y; in .env.production.template=N,,,,untested,,F-011
config_var,AUTOMATION_VERIFICATION_AGENTS,backend Settings.AUTOMATION_VERIFICATION_AGENTS: int default=2; in .env.example=Y; in .env.production.template=N,,,,untested,,F-011
config_var,AUTOMATION_AUTO_APPROVE_THRESHOLD,backend Settings.AUTOMATION_AUTO_APPROVE_THRESHOLD: float default=0.85; in .env.example=Y; in .env.production.template=N,,,,untested,,F-011
config_var,ARGON2_MEMORY_COST,backend Settings.ARGON2_MEMORY_COST: int default=19456; in .env.example=Y; in .env.production.template=N,,,,untested,,F-011
config_var,ARGON2_TIME_COST,backend Settings.ARGON2_TIME_COST: int default=2; in .env.example=Y; in .env.production.template=N,,,,untested,,F-011
config_var,ARGON2_PARALLELISM,backend Settings.ARGON2_PARALLELISM: int default=1; in .env.example=Y; in .env.production.template=N,,,,untested,,F-011
config_var,AUTH_LOGIN_MIN_DURATION_MS,backend Settings.AUTH_LOGIN_MIN_DURATION_MS: int default=250; in .env.example=Y; in .env.production.template=N,,,,untested,,F-011
config_var,AUTH_LOGIN_MIN_DURATION_FLOOR_MS,backend Settings.AUTH_LOGIN_MIN_DURATION_FLOOR_MS: int default=200; in .env.example=N; in .env.production.template=N,,,,untested,,F-011
config_var,LOGIN_BACKOFF_ENABLED,backend Settings.LOGIN_BACKOFF_ENABLED: bool default=True; in .env.example=N; in .env.production.template=N,,,tests/core/test_production_config_guard.py,smoke,PASS 2026-09-30 (Phase 2): exercised by the production guard tests (an input or one refusal case),F-011;F-003
config_var,STRIPE_SECRET_KEY,[CRITICAL:billing] backend Settings.STRIPE_SECRET_KEY: SecretStr | None default=None; in .env.example=Y; in .env.production.template=Y,,,tests/core/test_production_config_guard.py,smoke,PASS 2026-09-30 (Phase 2): exercised by the production guard tests (an input or one refusal case),F-003
config_var,STRIPE_PUBLISHABLE_KEY,[CRITICAL:billing] backend Settings.STRIPE_PUBLISHABLE_KEY: str | None default=None; in .env.example=Y; in .env.production.template=Y,,,tests/core/test_production_config_guard.py,deep,"PASS 2026-09-30 (Phase 2): the app refuses to start in production/staging when this is unsafe, missing or inconsistent",F-003
config_var,STRIPE_WEBHOOK_SECRETS,[CRITICAL:billing] backend Settings.STRIPE_WEBHOOK_SECRETS: SecretStr | None default=None; in .env.example=Y; in .env.production.template=Y,,,tests/core/test_production_config_guard.py,deep,"PASS 2026-09-30 (Phase 2): the app refuses to start in production/staging when this is unsafe, missing or inconsistent",F-003
config_var,STRIPE_WEBHOOK_TOLERANCE_SECONDS,[CRITICAL:billing] backend Settings.STRIPE_WEBHOOK_TOLERANCE_SECONDS: int default=300; in .env.example=N; in .env.production.template=N,,,,untested,,F-011
config_var,STRIPE_API_VERSION,[CRITICAL:billing] backend Settings.STRIPE_API_VERSION: str default='2026-07-29.dahlia'; in .env.example=N; in .env.production.template=N,,,,untested,,F-011
config_var,STRIPE_LIVEMODE,[CRITICAL:billing] backend Settings.STRIPE_LIVEMODE: bool default=False; in .env.example=Y; in .env.production.template=Y,,,tests/core/test_production_config_guard.py,deep,"PASS 2026-09-30 (Phase 2): the app refuses to start in production/staging when this is unsafe, missing or inconsistent",F-003
config_var,STRIPE_MAX_NETWORK_RETRIES,[CRITICAL:billing] backend Settings.STRIPE_MAX_NETWORK_RETRIES: int default=2; in .env.example=N; in .env.production.template=N,,,,untested,,F-011
config_var,STRIPE_TIMEOUT_SECONDS,[CRITICAL:billing] backend Settings.STRIPE_TIMEOUT_SECONDS: float default=20.0; in .env.example=N; in .env.production.template=N,,,,untested,,F-011
config_var,STRIPE_MAX_WEBHOOK_BODY_BYTES,[CRITICAL:billing] backend Settings.STRIPE_MAX_WEBHOOK_BODY_BYTES: int default=512 * 1024; in .env.example=N; in .env.production.template=N,,,,untested,,F-011
config_var,STRIPE_INBOUND_BATCH_SIZE,[CRITICAL:billing] backend Settings.STRIPE_INBOUND_BATCH_SIZE: int default=25; in .env.example=N; in .env.production.template=N,,,,untested,,F-011
config_var,STRIPE_INBOUND_LEASE_SECONDS,[CRITICAL:billing] backend Settings.STRIPE_INBOUND_LEASE_SECONDS: int default=60; in .env.example=N; in .env.production.template=N,,,,untested,,F-011
config_var,STRIPE_INBOUND_MAX_ATTEMPTS,[CRITICAL:billing] backend Settings.STRIPE_INBOUND_MAX_ATTEMPTS: int default=8; in .env.example=N; in .env.production.template=N,,,,untested,,F-011
config_var,BILLING_GATEWAY,[CRITICAL:billing] backend Settings.BILLING_GATEWAY: str default='STRIPE'; in .env.example=Y; in .env.production.template=Y,,,tests/core/test_production_config_guard.py,deep,"PASS 2026-09-30 (Phase 2): the app refuses to start in production/staging when this is unsafe, missing or inconsistent",F-003
config_var,DODO_API_KEY,[CRITICAL:billing] backend Settings.DODO_API_KEY: SecretStr | None default=None; in .env.example=Y; in .env.production.template=Y,,,tests/core/test_production_config_guard.py,smoke,PASS 2026-09-30 (Phase 2): exercised by the production guard tests (an input or one refusal case),F-003
config_var,DODO_WEBHOOK_SECRET,[CRITICAL:billing] backend Settings.DODO_WEBHOOK_SECRET: SecretStr | None default=None; in .env.example=Y; in .env.production.template=Y,,,tests/core/test_production_config_guard.py,smoke,PASS 2026-09-30 (Phase 2): exercised by the production guard tests (an input or one refusal case),F-003
config_var,DODO_API_BASE,[CRITICAL:billing] backend Settings.DODO_API_BASE: str default=''; in .env.example=Y; in .env.production.template=Y,,,tests/core/test_production_config_guard.py,smoke,PASS 2026-09-30 (Phase 2): exercised by the production guard tests (an input or one refusal case),F-003
config_var,DODO_TIMEOUT_SECONDS,[CRITICAL:billing] backend Settings.DODO_TIMEOUT_SECONDS: float default=20.0; in .env.example=N; in .env.production.template=N,,,,untested,,F-011
config_var,DODO_WEBHOOK_TOLERANCE_SECONDS,[CRITICAL:billing] backend Settings.DODO_WEBHOOK_TOLERANCE_SECONDS: int default=1800; in .env.example=N; in .env.production.template=N,,,,untested,,F-011
config_var,DODO_LIVEMODE,[CRITICAL:billing] backend Settings.DODO_LIVEMODE: bool default=False; in .env.example=Y; in .env.production.template=Y,,,tests/core/test_production_config_guard.py,smoke,PASS 2026-09-30 (Phase 2): exercised by the production guard tests (an input or one refusal case),F-003
config_var,DODO_MAX_WEBHOOK_BODY_BYTES,[CRITICAL:billing] backend Settings.DODO_MAX_WEBHOOK_BODY_BYTES: int default=512 * 1024; in .env.example=N; in .env.production.template=N,,,,untested,,F-011
config_var,DODO_ADDON_PRODUCT_CUSTOM_DOMAIN,[CRITICAL:billing] backend Settings.DODO_ADDON_PRODUCT_CUSTOM_DOMAIN: str | None default=None; in .env.example=Y; in .env.production.template=Y,,,tests/infra/test_production_env_template.py,smoke,PASS 2026-09-30 (Phase 2): proven to reach the containers (every template setting does); its effect is not separately tested,F-047
config_var,DODO_ADDON_PRODUCT_WAREHOUSE_SYNC,[CRITICAL:billing] backend Settings.DODO_ADDON_PRODUCT_WAREHOUSE_SYNC: str | None default=None; in .env.example=Y; in .env.production.template=Y,,,tests/infra/test_production_env_template.py,smoke,PASS 2026-09-30 (Phase 2): proven to reach the containers (every template setting does); its effect is not separately tested,F-047
config_var,BILLING_ADDON_GRACE_DAYS,[CRITICAL:billing] backend Settings.BILLING_ADDON_GRACE_DAYS: int default=14; in .env.example=N; in .env.production.template=N,,,,untested,,F-011
config_var,BILLING_ON_HOLD_GRACE_DAYS,[CRITICAL:billing] backend Settings.BILLING_ON_HOLD_GRACE_DAYS: int default=13; in .env.example=N; in .env.production.template=N,,,,untested,,F-011
config_var,BILLING_LAPSED_TIER_KEY,[CRITICAL:billing] backend Settings.BILLING_LAPSED_TIER_KEY: str default='free'; in .env.example=N; in .env.production.template=N,,,,untested,,F-011
config_var,BILLING_DODO_SEAT_PRORATION_MODE,[CRITICAL:billing] backend Settings.BILLING_DODO_SEAT_PRORATION_MODE: str default='prorated_immediately'; in .env.example=N; in .env.production.template=N,,,,untested,,F-011
config_var,BILLING_DEFAULT_CURRENCY,[CRITICAL:billing] backend Settings.BILLING_DEFAULT_CURRENCY: str default='USD'; in .env.example=Y; in .env.production.template=Y,,,tests/infra/test_production_env_template.py,smoke,PASS 2026-09-30 (Phase 2): proven to reach the containers (every template setting does); its effect is not separately tested,F-047
config_var,BILLING_DEFAULT_QUOTA_TIER_KEY,[CRITICAL:billing] backend Settings.BILLING_DEFAULT_QUOTA_TIER_KEY: str | None default=None; in .env.example=N; in .env.production.template=N,,,,untested,,F-011
config_var,BILLING_SEAT_PRICE_LOOKUP_KEY,[CRITICAL:billing] backend Settings.BILLING_SEAT_PRICE_LOOKUP_KEY: str | None default=None; in .env.example=N; in .env.production.template=N,,,,untested,,F-011
config_var,BILLING_SEAT_SYNC_ENABLED,[CRITICAL:billing] backend Settings.BILLING_SEAT_SYNC_ENABLED: bool default=True; in .env.example=Y; in .env.production.template=Y,,,tests/infra/test_production_env_template.py,smoke,PASS 2026-09-30 (Phase 2): proven to reach the containers (every template setting does); its effect is not separately tested,F-047
config_var,BILLING_SEAT_PRORATION_BEHAVIOR,[CRITICAL:billing] backend Settings.BILLING_SEAT_PRORATION_BEHAVIOR: str default='create_prorations'; in .env.example=Y; in .env.production.template=Y,,,tests/infra/test_production_env_template.py,smoke,PASS 2026-09-30 (Phase 2): proven to reach the containers (every template setting does); its effect is not separately tested,F-047
config_var,BILLING_INVOICE_NUMBER_PREFIX,[CRITICAL:billing] backend Settings.BILLING_INVOICE_NUMBER_PREFIX: str default='FP'; in .env.example=N; in .env.production.template=N,,,,untested,,F-011
config_var,BILLING_SEAT_EVENT_TYPE,[CRITICAL:billing] backend Settings.BILLING_SEAT_EVENT_TYPE: str default='billing.seat'; in .env.example=N; in .env.production.template=N,,,,untested,,F-011
config_var,BILLING_SEAT_FALLBACK_PRICE_MICROS,[CRITICAL:billing] backend Settings.BILLING_SEAT_FALLBACK_PRICE_MICROS: int default=0; in .env.example=N; in .env.production.template=N,,,,untested,,F-011
config_var,BILLING_STRIPE_TOTAL_TOLERANCE_MICROS,[CRITICAL:billing] backend Settings.BILLING_STRIPE_TOTAL_TOLERANCE_MICROS: int default=1; in .env.example=N; in .env.production.template=N,,,,untested,,F-011
config_var,BILLING_REAUTH_WINDOW_S,[CRITICAL:billing] backend Settings.BILLING_REAUTH_WINDOW_S: int default=300; in .env.example=Y; in .env.production.template=N,,,,untested,,F-011
config_var,BILLING_REAUTH_REQUIRED,[CRITICAL:billing] backend Settings.BILLING_REAUTH_REQUIRED: bool default=True; in .env.example=Y; in .env.production.template=Y,,,tests/infra/test_production_env_template.py,smoke,PASS 2026-09-30 (Phase 2): proven to reach the containers (every template setting does); its effect is not separately tested,F-047
config_var,BILLING_PORTAL_RETURN_URL,[CRITICAL:billing] backend Settings.BILLING_PORTAL_RETURN_URL: str | None default=None; in .env.example=N; in .env.production.template=N,,,,untested,,F-011
config_var,BILLING_CHECKOUT_SUCCESS_URL,[CRITICAL:billing] backend Settings.BILLING_CHECKOUT_SUCCESS_URL: str | None default=None; in .env.example=N; in .env.production.template=N,,,,untested,,F-011
config_var,BILLING_CHECKOUT_CANCEL_URL,[CRITICAL:billing] backend Settings.BILLING_CHECKOUT_CANCEL_URL: str | None default=None; in .env.example=N; in .env.production.template=N,,,,untested,,F-011
config_var,BILLING_SEAT_PRICE_ID,[CRITICAL:billing] backend Settings.BILLING_SEAT_PRICE_ID: str | None default=None; in .env.example=N; in .env.production.template=N,,,,smoke,"obsolete and ignored, documented (live feedback, 2026-10-07)",F-011;N-026
config_var,BILLING_DUNNING_MAX_STEP,[CRITICAL:billing] backend Settings.BILLING_DUNNING_MAX_STEP: str default='NOTIFY_3'; in .env.example=Y; in .env.production.template=N,,,,untested,,F-011
config_var,VITE_API_URL,frontend API base URL (read by services/api/client.ts; NOT in frontend/.env.example),,,,untested,,F-010
config_var,VITE_APP_NAME,frontend/.env.example only; not read by code,,,,untested,,F-010
config_var,VITE_APP_VERSION,frontend/.env.example only; not read by code,,,,untested,,F-010
config_var,VITE_ENVIRONMENT,frontend/.env.example only; not read by code,,,,untested,,F-010
integration,postgresql-pgvector,PostgreSQL 16 + pgvector (primary + optional read replica),,,,untested,,
integration,redis,"Redis 7 (rate limits, locks, replay guards, stream sessions)",,,,untested,,
integration,minio-s3,"[CRITICAL:upload] MinIO / S3-compatible object storage (documents, logos, exports; regional buckets)",,,,untested,,
integration,stripe,"[CRITICAL:billing] Stripe billing (checkout, portal, seats, webhooks, inbound worker loop)",,,,untested,,
integration,dodo-payments,[CRITICAL:billing] Dodo Payments billing gateway (multi-gateway webhook),,,,untested,,
integration,groq,Groq LLM (default provider),,,,untested,,
integration,gemini,Google Gemini LLM,,,,untested,,
integration,local-llm,Local/OpenAI-compatible LLM endpoint,,,,untested,,
integration,byok-providers,"BYOK providers: OPENAI, ANTHROPIC, GROQ, AZURE_OPENAI, MISTRAL, GEMINI",,,,untested,,
integration,paddleocr,[CRITICAL:upload] PaddleOCR (OCR worker profile),,,,untested,,
integration,sentence-transformers,[CRITICAL:upload] SentenceTransformers embeddings (enrich profile),,,,untested,,
integration,reranker,Internal reranker service app/reranker (port 8081),,,,untested,,
integration,platform-smtp,"[CRITICAL:auth] Platform SMTP (verification, reset, invitations)",,,,untested,,
integration,tenant-smtp,Tenant custom SMTP (transactional email override),,,,untested,,
integration,saml-idp,"[CRITICAL:auth] SAML 2.0 SSO (ACS, SLO, metadata)",,,,untested,,
integration,oidc-idp,[CRITICAL:auth] OIDC SSO callback,,,,untested,,
integration,scim,[CRITICAL:auth] SCIM 2.0 directory sync (/scim/v2),,,,untested,,
integration,dns,"DNS TXT verification (identity domains, custom domains)",,,,untested,,
integration,caddy-acme,Caddy on-demand TLS 'ask' endpoint + ACME,,,,untested,,
integration,outgoing-webhooks,"[CRITICAL:api-keys-webhooks] Tenant outgoing webhooks (signed, retried; SSRF client)",,,,untested,,
integration,public-api-gateway,"[CRITICAL:api-keys-webhooks] Public developer API (/api/v1/public, API keys)",,,,untested,,
integration,erp-http,"ERP HTTP targets: QuickBooks Online, Zoho Books, Business Central, S/4HANA OData, NetSuite REST, generic REST/OData",,,,untested,,
integration,erp-sftp,ERP SFTP transport (X12 997 / ack files; host key pinned),,,,untested,,
integration,erp-formats,"ERP file formats: CSV, XLSX, X12, UBL 2.1 (XSD), Tally, JSON",,,,untested,,
integration,erp-mocks,scripts/erp_mock_targets.py mock ERP targets for tests,,,,untested,,
integration,warehouse-bigquery,Analytics egress: BigQuery,,,,untested,,
integration,warehouse-snowflake,Analytics egress: Snowflake,,,,untested,,
integration,warehouse-databricks,Analytics egress: Databricks,,,,untested,,
integration,warehouse-s3-bundle,Analytics egress: S3 bundle,,,,untested,,
integration,ical-feeds,Public iCalendar feeds for obligations (token URL),,,,untested,,
integration,marketplace-signing,Partner marketplace manifest signing/verification,,,,untested,,
integration,backups-dr,"[CRITICAL:data-governance] Backup, PITR and restore drills (scripts/dr_*.py, restore_drill.py via host cron)",,,,untested,,F-006
config_var,ML_STUBS,backend Settings.ML_STUBS: bool default=False; TEST STUBS for OCR+embeddings (app/services/ml_stubs.py); refused when ENVIRONMENT=production. Added Phase 1.,,,backend/tests/services/test_ml_stubs.py,smoke,PASS 2026-09-30 (8 tests),F-018
config_var,ARCH40_CONTRACT,process env read by alembic revision arch40_step3_contract_ai_settings (not a Settings field); must be 1 for upgrade head to pass the lossy contract step,,,.github/workflows/ci.yml (migrations job); backend/pytest.ini,smoke,PASS 2026-09-30 (CI run 36681150735 job 'Migration head & drift'),F-018;F-024
endpoint,GET /api/v1/health/ready,readiness [health.py:63] auth=public scope=platform (Postgres and Redis answer; 503 otherwise),any,anonymous,tests/api/test_health_readiness.py,deep,PASS 2026-09-30 (Phase 2): 200 ready; 503 when Postgres is down; 503 when Redis is down; body carries no detail,F-042
endpoint,GET /api/v1/organizations/{organization_id}/search,global_search [global_search.py] auth=org member scope=caller's accessible workspaces (Phase 4),any,org:any member,backend/tests/engines/test_global_search_live.py,deep,"pass (engines, Phase 4)",F-091
endpoint,GET /api/v1/workspaces/{workspace_id}/work-items/{work_item_id}/evidence,document_evidence [document_evidence.py] auth=ws VIEWER+ (Phase 4),any,ws:VIEWER+,backend/tests/engines/test_review_evidence_live.py,deep,"pass (engines, Phase 4)",F-092
endpoint,GET /api/v1/workspaces/{workspace_id}/work-items/{work_item_id}/pages/{page}.png,document_page_image [document_evidence.py] auth=ws VIEWER+ (Phase 4),any,ws:VIEWER+,backend/tests/engines/test_review_evidence_live.py,deep,"pass (engines, Phase 4)",F-092
endpoint,GET /api/v1/workspaces/{workspace_id}/payment-risk,list_payment_risk [payment_risk.py] auth=ws VIEWER+ capability.anomaly_radar (Phase 4),business,ws:VIEWER+,backend/tests/engines/test_payment_risk_live.py,deep,"pass (engines, Phase 4)",F-093
endpoint,POST /api/v1/workspaces/{workspace_id}/payment-risk/{flag_id}/confirm,confirm_payment_risk [payment_risk.py] auth=ws CONTRIBUTOR+ (Phase 4),business,ws:CONTRIBUTOR+,backend/tests/engines/test_payment_risk_live.py,deep,"pass (engines, Phase 4)",F-093
endpoint,POST /api/v1/workspaces/{workspace_id}/payment-risk/{flag_id}/dismiss,dismiss_payment_risk [payment_risk.py] auth=ws CONTRIBUTOR+ reason>=10 (Phase 4),business,ws:CONTRIBUTOR+,backend/tests/engines/test_payment_risk_live.py,deep,"pass (engines, Phase 4)",F-093
endpoint,POST /api/v1/organizations/{organization_id}/webhooks/endpoints/{endpoint_id}/test,send_test_event [webhooks.py] auth=org ADMIN+ scope=webhooks:write (Phase 4),developer,"org:OWNER,ADMIN",backend/tests/engines/test_webhooks_live.py,deep,"pass (engines, Phase 4)",F-080
endpoint,GET /api/v1/organizations/{organization_id}/branding/logo,"read_own_logo [tenant_branding.py] auth=user_jwt scope=organization (Phase 5, F-058)","any (read after downgrade, N-003)","org:OWNER,ADMIN",backend/tests/api/test_not_configured_is_not_an_error.py,deep,"pass (Phase 5, 2026-10-06)",F-058
endpoint,GET /api/v1/organizations/{organization_id}/branding/favicon,"read_own_favicon [tenant_branding.py] auth=user_jwt scope=organization (Phase 5, F-058)","any (read after downgrade, N-003)","org:OWNER,ADMIN",backend/tests/api/test_not_configured_is_not_an_error.py,smoke,"pass (Phase 5, 2026-10-06)",F-058
migration,p4a1_outbox_vocabulary_restore,"#152 p4a1_outbox_vocabulary_restore.py (Phase 4, F-051)",,,backend/tests/conftest.py (upgrade head on every test run),smoke,PASS 2026-10-06: applied by upgrade head on every test database,F-051
migration,p4a2_webhook_test_event,"#153 p4a2_webhook_test_event.py (Phase 4, F-080)",,,backend/tests/conftest.py (upgrade head on every test run),smoke,PASS 2026-10-06: applied by upgrade head on every test database,F-080
migration,p4a3_payment_risk_flags,"#154 p4a3_payment_risk_flags.py (Phase 4, F-093)",,,backend/tests/conftest.py (upgrade head on every test run),smoke,PASS 2026-10-06: applied by upgrade head on every test database,F-093
migration,p5a1_schema_drift_alignment,"#155 p5a1_schema_drift_alignment.py HEAD (Phase 5, F-017, F-103)",,,backend/tests/conftest.py (upgrade head on every test run),smoke,"PASS 2026-10-06: upgrade, downgrade -1, re-upgrade on a real database; drift gate 0 new",F-017;F-103
endpoint,GET /api/v1/me/mfa,"get_mfa_status [mfa.py] auth=user_jwt scope=actor (final release, N-017)",any,signed-in,backend/tests/api/test_mfa.py;frontend/e2e/tests/30-auth.spec.ts,deep,"pass (final release, 2026-10-06)",
endpoint,POST /api/v1/me/mfa/setup,"start_mfa_setup [mfa.py] auth=user_jwt scope=actor (final release, N-017)",any,signed-in,backend/tests/api/test_mfa.py;frontend/e2e/tests/30-auth.spec.ts,deep,"pass (final release, 2026-10-06)",
endpoint,POST /api/v1/me/mfa/confirm,"confirm_mfa [mfa.py] auth=user_jwt scope=actor (final release, N-017)",any,signed-in,backend/tests/api/test_mfa.py;frontend/e2e/tests/30-auth.spec.ts,deep,"pass (final release, 2026-10-06)",
endpoint,POST /api/v1/me/mfa/recovery-codes,"regenerate_recovery_codes [mfa.py] auth=user_jwt scope=actor (final release, N-017)",any,signed-in,backend/tests/api/test_mfa.py;frontend/e2e/tests/30-auth.spec.ts,deep,"pass (final release, 2026-10-06)",
endpoint,POST /api/v1/me/mfa/disable,"disable_mfa [mfa.py] auth=user_jwt scope=actor (final release, N-017)",any,signed-in,backend/tests/api/test_mfa.py;frontend/e2e/tests/30-auth.spec.ts,deep,"pass (final release, 2026-10-06)",
endpoint,POST /api/v1/auth/login/mfa,"login_second_factor [auth.py] auth=public (sign-in challenge) POLICY_LOGIN_IP (final release, N-017)",any,anonymous,backend/tests/api/test_mfa.py;frontend/e2e/tests/30-auth.spec.ts,deep,"pass (final release, 2026-10-06)",F-117
endpoint,GET /api/v1/workspaces/{workspace_id}/work-items/{work_item_id}/text,"get_document_text [document_fields.py] auth=user_jwt scope=workspace (final release, N-020 item 7)",any,ws:VIEWER+,backend/tests/engines/test_field_correction_live.py;frontend/e2e/tests/10-workspace-documents.spec.ts,deep,"pass (final release, 2026-10-06)",F-061
endpoint,GET /api/v1/workspaces/{workspace_id}/work-items/{work_item_id}/fields,"get_field_editability [document_fields.py] auth=user_jwt scope=workspace (final release, N-020 item 7)",any,ws:VIEWER+,backend/tests/engines/test_field_correction_live.py;frontend/e2e/tests/10-workspace-documents.spec.ts,deep,"pass (final release, 2026-10-06)",F-061
endpoint,PATCH /api/v1/workspaces/{workspace_id}/work-items/{work_item_id}/fields,"correct_fields [document_fields.py] auth=user_jwt scope=workspace (final release, N-020 item 7)",any,ws:CONTRIBUTOR+,backend/tests/engines/test_field_correction_live.py;frontend/e2e/tests/10-workspace-documents.spec.ts,deep,"pass (final release, 2026-10-06)",F-061
endpoint,GET /api/v1/workspaces/{workspace_id}/work-items/{work_item_id}/fields/history,"get_field_history [document_fields.py] auth=user_jwt scope=workspace (final release, N-020 item 7)",any,ws:VIEWER+,backend/tests/engines/test_field_correction_live.py;frontend/e2e/tests/10-workspace-documents.spec.ts,deep,"pass (final release, 2026-10-06)",F-061
migration,p6a1_work_item_field_corrections,"#156 p6a1_work_item_field_corrections.py (final release, N-020)",,,backend/tests/conftest.py (upgrade head on every test run),smoke,PASS 2026-10-06: applied by upgrade head on every test database; drift gate 0 new,F-061
migration,p6a2_review_extraction_reasons,"#157 p6a2_review_extraction_reasons.py (final release, F-111)",,,backend/tests/conftest.py (upgrade head on every test run),smoke,PASS 2026-10-06: applied by upgrade head on every test database; drift gate 0 new,F-111
migration,p6a3_user_mfa_factors,"#158 p6a3_user_mfa_factors.py (final release, N-017)",,,backend/tests/conftest.py (upgrade head on every test run),smoke,PASS 2026-10-06: applied by upgrade head on every test database; drift gate 0 new,
config_var,LOG_FORMAT,backend Settings.LOG_FORMAT: str default='text' (json for a log service); in .env.production.template=Y (F-114),,,backend/tests/core/test_log_context_formatter.py,deep,"pass (final release, 2026-10-06)",F-114
config_var,SESSION_ABSOLUTE_LIFETIME_HOURS,backend Settings.SESSION_ABSOLUTE_LIFETIME_HOURS: int default=12; in .env.production.template=Y (ASVS V3.3.2),,,backend/tests/services/test_session_lifetime.py,deep,"pass (final release, 2026-10-06)",F-120
config_var,SESSION_IDLE_TIMEOUT_MINUTES,backend Settings.SESSION_IDLE_TIMEOUT_MINUTES: int default=30; in .env.production.template=Y (ASVS V3.3.2),,,backend/tests/services/test_session_lifetime.py,deep,"pass (final release, 2026-10-06)",F-120
config_var,REDIS_PASSWORD,compose REDIS_PASSWORD (required; redis-server --requirepass) N-017,,,backend/tests/infra/test_production_env_template.py,deep,"pass (final release, 2026-10-06)",
ui_action,auth.mfa,"Two-factor sign-in: turn on (QR/key + code), sign in with an app code or a recovery code, turn off (final release, N-017)",any,signed-in,frontend/e2e/tests/30-auth.spec.ts,deep,"pass (final release, 2026-10-06)",F-117
ui_action,auth.password-strength,"Password strength meter, refusal of a common password, show-password (ASVS V2.1)",any,anonymous,frontend/e2e/tests/30-auth.spec.ts,deep,"pass (final release, 2026-10-06)",F-118;F-119
ui_action,documents.field-correction,"Document tab: page image beside the fields, correct a field in place (N-020 items 6-7)",any,ws:CONTRIBUTOR+,frontend/e2e/tests/10-workspace-documents.spec.ts,deep,"pass (final release, 2026-10-06)",F-061
ui_action,notifications.filters,"Notifications: read-state and category filters, mark as unread, delete (N-020 item 2)",any,ws:VIEWER+,frontend/e2e/tests/10-workspace-documents.spec.ts,deep,"pass (final release, 2026-10-06)",F-061;F-110
ui_action,billing.promo-code,"Plan picker: apply a promo code, priced per plan (N-020 item 3)",any,"org:OWNER,BILLING",frontend/e2e/tests/20-organization.spec.ts,deep,"pass (final release, 2026-10-06)",F-061
ui_action,organization.invite,"Organization > Members: invite with a role and workspace access, resend (cooldown), revoke (N-020 item 5)",any,"org:OWNER,ADMIN",frontend/e2e/tests/20-organization.spec.ts,deep,"pass (final release, 2026-10-06)",F-061
endpoint,POST /api/v1/organizations/{organization_id}/restore,[CRITICAL:team] restore_organization [organizations.py] auth=user_jwt scope=organization (archived organizations included),any,org:OWNER,backend/tests/api/test_archive_lifecycle.py;frontend/e2e/tests/16-lifecycle.spec.ts,deep,"pass (final systemic polish, 2026-10-07)",F-132
endpoint,GET /api/v1/organizations/{organization_id}/compliance/exports/{export_id}/archive,[CRITICAL:data-governance] stream_export_archive [compliance.py] auth=user_jwt scope=organization,any,"org:OWNER,ADMIN",backend/tests/api/test_compliance_export_stream.py;frontend/e2e/tests/20-organization.spec.ts,deep,"pass (final systemic polish, 2026-10-07)",F-138
endpoint,GET /api/v1/workspaces/{workspace_id}/work-items/knowledge-base/reindex/status,"[CRITICAL:upload] reindex_knowledge_base_status [work_items.py] auth=user_jwt scope=workspace (new, F-141)",any,ws:ADMIN+,backend/tests/engines/test_knowledge_reindex_status_live.py;frontend/e2e/tests/21-live-feedback.spec.ts,deep,"pass (live feedback, 2026-10-07)",F-141
migration,p7a1_automation_rule_soft_delete,"#159 p7a1_automation_rule_soft_delete.py HEAD (live feedback, F-150)",,,backend/tests/conftest.py (upgrade head on every test run),smoke,PASS 2026-10-07: applied by upgrade head on every test database; drift gate 0 new,F-150
ui_action,frontend.page-error-boundary,Page-level error boundary and stale-bundle reload card in every layout (F-144),,,frontend/e2e/tests/21-live-feedback.spec.ts,deep,"pass (live feedback, 2026-10-07)",F-144
ui_action,frontend.image-fallback,Avatar / logo / preview images fall back to initials on a load error (F-143),,,frontend/e2e/tests/21-live-feedback.spec.ts,deep,"pass (live feedback, 2026-10-07)",F-143
ui_action,frontend.mutation-feedback,Every mutation toasts failure (and success where it was silent) (F-145),,,frontend/e2e/tests/21-live-feedback.spec.ts,smoke,"pass (live feedback, 2026-10-07): bulk path in the browser; the rest reviewed",F-145
ui_action,frontend.document-title,Browser tab title names the page and tenant (F-154),,,frontend/e2e/tests/21-live-feedback.spec.ts,deep,"pass (live feedback, 2026-10-07)",F-154
page,/:orgSlug/:workspaceSlug/batches,Batch operations (Phase 1),business,ws:VIEWER+ (all workspace members),frontend/e2e/tests/23-batch-operations.spec.ts,deep,"pass (Phase 1, 2026-10-08): batches, policy, verify, viewer, Developer lock",
page,/:orgSlug/:workspaceSlug/batches/:batchId,BatchDetail (Phase 1),business,ws:VIEWER+ (all workspace members),frontend/e2e/tests/23-batch-operations.spec.ts,deep,"pass (Phase 1, 2026-10-08): lanes, analytics, dispatch, package build/download",
nav_item,ws:batches,Enterprise processing > Batch operations (locked below Business),business,ws:VIEWER+ (all workspace members),frontend/e2e/tests/02-plan-matrix.spec.ts,smoke,"pass (Phase 1, 2026-10-08)",
migration,p8a1_work_item_duplicates,"#160 p8a1_work_item_duplicates.py (Phase 1, F-158)",,,backend/tests/conftest.py (upgrade head on every test run),smoke,PASS 2026-10-08: applied by upgrade head; drift gate 0 new,F-158
migration,p8a2_batch_dispatch_engine,#161 p8a2_batch_dispatch_engine.py HEAD (Phase 1),,,backend/tests/conftest.py (upgrade head on every test run),smoke,PASS 2026-10-08: applied by upgrade head; drift gate 0 new,
background_job,batches.build_export_package,worker job type (LIGHT); trigger: enqueued on demand by services,business,,backend/tests/engines/test_batch_engine_live.py,deep,"pass (Phase 1, 2026-10-08): built live on the worker, hash verified",
background_job,batches.sweep_export_packages,worker job type (LIGHT); trigger: every 3600s,business,,backend/tests/engines/test_batch_engine_live.py,smoke,"pass (Phase 1, 2026-10-08): expiry tested",
endpoint,GET /api/v1/workspaces/{workspace_id}/work-items/{work_item_id}/confidence,document_confidence [document_fields.py] auth=user_jwt scope=workspace,any,ws:VIEWER+,backend/tests/api/test_document_confidence_endpoint.py,deep,"pass (Phase 1, 2026-10-08)",
endpoint,GET /api/v1/workspaces/{workspace_id}/processing-batches,batches.py auth=user_jwt scope=workspace capability=batch_dispatch (Phase 1),business,ws:VIEWER+,backend/tests/engines/test_batch_engine_live.py,deep,"pass (Phase 1, 2026-10-08): real pipeline, roles, 402, isolation",
endpoint,POST /api/v1/workspaces/{workspace_id}/processing-batches,batches.py auth=user_jwt scope=workspace capability=batch_dispatch (Phase 1),business,ws:CONTRIBUTOR+,backend/tests/engines/test_batch_engine_live.py,deep,"pass (Phase 1, 2026-10-08): real pipeline, roles, 402, isolation",
endpoint,GET /api/v1/workspaces/{workspace_id}/processing-batches/{batch_id},batches.py auth=user_jwt scope=workspace capability=batch_dispatch (Phase 1),business,ws:VIEWER+,backend/tests/engines/test_batch_engine_live.py,deep,"pass (Phase 1, 2026-10-08): real pipeline, roles, 402, isolation",
endpoint,PATCH /api/v1/workspaces/{workspace_id}/processing-batches/{batch_id},batches.py auth=user_jwt scope=workspace capability=batch_dispatch (Phase 1),business,ws:CONTRIBUTOR+,backend/tests/engines/test_batch_engine_live.py,deep,"pass (Phase 1, 2026-10-08): real pipeline, roles, 402, isolation",
endpoint,DELETE /api/v1/workspaces/{workspace_id}/processing-batches/{batch_id},batches.py auth=user_jwt scope=workspace capability=batch_dispatch (Phase 1),business,ws:CONTRIBUTOR+,backend/tests/engines/test_batch_engine_live.py,deep,"pass (Phase 1, 2026-10-08): real pipeline, roles, 402, isolation",
endpoint,POST /api/v1/workspaces/{workspace_id}/processing-batches/{batch_id}/documents,batches.py auth=user_jwt scope=workspace capability=batch_dispatch (Phase 1),business,ws:CONTRIBUTOR+,backend/tests/engines/test_batch_engine_live.py,deep,"pass (Phase 1, 2026-10-08): real pipeline, roles, 402, isolation",
endpoint,DELETE /api/v1/workspaces/{workspace_id}/processing-batches/{batch_id}/documents/{work_item_id},batches.py auth=user_jwt scope=workspace capability=batch_dispatch (Phase 1),business,ws:CONTRIBUTOR+,backend/tests/engines/test_batch_engine_live.py,deep,"pass (Phase 1, 2026-10-08): real pipeline, roles, 402, isolation",
endpoint,GET /api/v1/workspaces/{workspace_id}/processing-batches/{batch_id}/analytics,batches.py auth=user_jwt scope=workspace capability=batch_dispatch (Phase 1),business,ws:VIEWER+,backend/tests/engines/test_batch_engine_live.py,deep,"pass (Phase 1, 2026-10-08): real pipeline, roles, 402, isolation",
endpoint,POST /api/v1/workspaces/{workspace_id}/processing-batches/{batch_id}/heal,batches.py auth=user_jwt scope=workspace capability=batch_dispatch (Phase 1),business,ws:CONTRIBUTOR+,backend/tests/engines/test_batch_engine_live.py,deep,"pass (Phase 1, 2026-10-08): real pipeline, roles, 402, isolation",
endpoint,POST /api/v1/workspaces/{workspace_id}/processing-batches/{batch_id}/dispatch,batches.py auth=user_jwt scope=workspace capability=batch_dispatch (Phase 1),business,ws:CONTRIBUTOR+,backend/tests/engines/test_batch_engine_live.py,deep,"pass (Phase 1, 2026-10-08): real pipeline, roles, 402, isolation",
endpoint,POST /api/v1/workspaces/{workspace_id}/processing-batches/{batch_id}/retry-failed,batches.py auth=user_jwt scope=workspace capability=batch_dispatch (Phase 1),business,ws:CONTRIBUTOR+,backend/tests/engines/test_batch_engine_live.py,deep,"pass (Phase 1, 2026-10-08): real pipeline, roles, 402, isolation",
endpoint,GET /api/v1/workspaces/{workspace_id}/work-items/{work_item_id}/schema-healing,batches.py auth=user_jwt scope=workspace capability=batch_dispatch (Phase 1),business,ws:VIEWER+,backend/tests/engines/test_batch_engine_live.py,deep,"pass (Phase 1, 2026-10-08): real pipeline, roles, 402, isolation",
endpoint,POST /api/v1/workspaces/{workspace_id}/schema-healing/{event_id}/revert,batches.py auth=user_jwt scope=workspace capability=batch_dispatch (Phase 1),business,ws:CONTRIBUTOR+,backend/tests/engines/test_batch_engine_live.py,deep,"pass (Phase 1, 2026-10-08): real pipeline, roles, 402, isolation",
endpoint,GET /api/v1/workspaces/{workspace_id}/dispatch-policy,batches.py auth=user_jwt scope=workspace capability=batch_dispatch (Phase 1),business,ws:VIEWER+,backend/tests/engines/test_batch_engine_live.py,deep,"pass (Phase 1, 2026-10-08): real pipeline, roles, 402, isolation",
endpoint,PUT /api/v1/workspaces/{workspace_id}/dispatch-policy,batches.py auth=user_jwt scope=workspace capability=batch_dispatch (Phase 1),business,ws:ADMIN+,backend/tests/engines/test_batch_engine_live.py,deep,"pass (Phase 1, 2026-10-08): real pipeline, roles, 402, isolation",
endpoint,GET /api/v1/workspaces/{workspace_id}/export-packages,batches.py auth=user_jwt scope=workspace capability=batch_dispatch (Phase 1),business,ws:VIEWER+,backend/tests/engines/test_batch_engine_live.py,deep,"pass (Phase 1, 2026-10-08): real pipeline, roles, 402, isolation",
endpoint,POST /api/v1/workspaces/{workspace_id}/export-packages,batches.py auth=user_jwt scope=workspace capability=batch_dispatch (Phase 1),business,ws:CONTRIBUTOR+,backend/tests/engines/test_batch_engine_live.py,deep,"pass (Phase 1, 2026-10-08): real pipeline, roles, 402, isolation",
endpoint,POST /api/v1/workspaces/{workspace_id}/export-packages/verify,batches.py auth=user_jwt scope=workspace capability=batch_dispatch (Phase 1),business,ws:VIEWER+,backend/tests/engines/test_batch_engine_live.py,deep,"pass (Phase 1, 2026-10-08): real pipeline, roles, 402, isolation",
endpoint,GET /api/v1/workspaces/{workspace_id}/export-packages/{package_id},batches.py auth=user_jwt scope=workspace capability=batch_dispatch (Phase 1),business,ws:VIEWER+,backend/tests/engines/test_batch_engine_live.py,deep,"pass (Phase 1, 2026-10-08): real pipeline, roles, 402, isolation",
endpoint,GET /api/v1/workspaces/{workspace_id}/export-packages/{package_id}/manifest,batches.py auth=user_jwt scope=workspace capability=batch_dispatch (Phase 1),business,ws:VIEWER+,backend/tests/engines/test_batch_engine_live.py,deep,"pass (Phase 1, 2026-10-08): real pipeline, roles, 402, isolation",
endpoint,GET /api/v1/workspaces/{workspace_id}/export-packages/{package_id}/download,batches.py auth=user_jwt scope=workspace capability=batch_dispatch (Phase 1),business,ws:CONTRIBUTOR+,backend/tests/engines/test_batch_engine_live.py,deep,"pass (Phase 1, 2026-10-08): real pipeline, roles, 402, isolation",
page,/:orgSlug/:workspaceSlug/truthmesh,"TruthMesh (cockpit, conflicts, discrepancy matrix, what-if, twin drawer)",business,ws:VIEWER+ (all workspace members),frontend/e2e/tests/01-page-smoke.spec.ts;frontend/e2e/tests/25-truthmesh.spec.ts,deep,pass (e2e 5 + smoke),
nav_item,ws:truthmesh,Enterprise processing > TruthMesh (locked below Business),business,ws:VIEWER+ (all workspace members),frontend/e2e/tests/02-plan-matrix.spec.ts,smoke,pass (e2e 3),N-033
endpoint,GET /api/v1/workspaces/{workspace_id}/truthmesh/overview,TruthMesh: overview [truthmesh.py] auth=user_jwt scope=workspace capability.truthmesh,business,ws:VIEWER+,backend/tests/engines/test_truthmesh_live.py;backend/tests/services/test_truthmesh_engine.py;frontend/e2e/tests/25-truthmesh.spec.ts,deep,pass (Phase 2 backend + e2e),N-033
endpoint,GET /api/v1/workspaces/{workspace_id}/truthmesh/graph,TruthMesh: graph [truthmesh.py] auth=user_jwt scope=workspace capability.truthmesh,business,ws:VIEWER+,frontend/e2e/tests/25-truthmesh.spec.ts;frontend/e2e/tests/01-page-smoke.spec.ts,deep,pass (e2e: the cockpit graph),N-033
endpoint,GET /api/v1/workspaces/{workspace_id}/truthmesh/documents/{work_item_id},TruthMesh: document twin [truthmesh.py] auth=user_jwt scope=workspace capability.truthmesh,business,ws:VIEWER+,backend/tests/engines/test_truthmesh_live.py;backend/tests/services/test_truthmesh_engine.py;frontend/e2e/tests/25-truthmesh.spec.ts,deep,pass (Phase 2 backend + e2e),N-033
endpoint,GET /api/v1/workspaces/{workspace_id}/truthmesh/matrix,TruthMesh: discrepancy matrix [truthmesh.py] auth=user_jwt scope=workspace capability.truthmesh,business,ws:VIEWER+,backend/tests/engines/test_truthmesh_live.py;backend/tests/services/test_truthmesh_engine.py;frontend/e2e/tests/25-truthmesh.spec.ts,deep,pass (Phase 2 backend + e2e),N-033
endpoint,GET /api/v1/workspaces/{workspace_id}/truthmesh/conflicts,TruthMesh: conflict list [truthmesh.py] auth=user_jwt scope=workspace capability.truthmesh,business,ws:VIEWER+,backend/tests/engines/test_truthmesh_live.py;backend/tests/services/test_truthmesh_engine.py;frontend/e2e/tests/25-truthmesh.spec.ts,deep,pass (Phase 2 backend + e2e),N-033
endpoint,GET /api/v1/workspaces/{workspace_id}/truthmesh/conflicts/export.csv,TruthMesh: conflict audit export [truthmesh.py] auth=user_jwt scope=workspace capability.truthmesh,business,ws:VIEWER+,backend/tests/engines/test_truthmesh_live.py;backend/tests/services/test_truthmesh_engine.py;frontend/e2e/tests/25-truthmesh.spec.ts,deep,pass (Phase 2 backend + e2e),N-033
endpoint,PATCH /api/v1/workspaces/{workspace_id}/truthmesh/conflicts/{conflict_id},TruthMesh: decide a conflict (reason required to resolve or dismiss) [truthmesh.py] auth=user_jwt scope=workspace capability.truthmesh,business,ws:CONTRIBUTOR+,backend/tests/engines/test_truthmesh_live.py;backend/tests/services/test_truthmesh_engine.py;frontend/e2e/tests/25-truthmesh.spec.ts,deep,pass (Phase 2 backend + e2e),N-033
endpoint,POST /api/v1/workspaces/{workspace_id}/truthmesh/links/{link_id}/decision,TruthMesh: confirm or reject a link [truthmesh.py] auth=user_jwt scope=workspace capability.truthmesh,business,ws:CONTRIBUTOR+,backend/tests/engines/test_truthmesh_live.py;backend/tests/services/test_truthmesh_engine.py;frontend/e2e/tests/25-truthmesh.spec.ts,deep,pass (Phase 2 backend + e2e),N-033
endpoint,POST /api/v1/workspaces/{workspace_id}/truthmesh/rebuild,"TruthMesh: rebuild the workspace mesh (202, worker job) [truthmesh.py] auth=user_jwt scope=workspace capability.truthmesh",business,ws:CONTRIBUTOR+,backend/tests/engines/test_truthmesh_live.py;backend/tests/services/test_truthmesh_engine.py;frontend/e2e/tests/25-truthmesh.spec.ts,deep,pass (Phase 2 backend + e2e),N-033
endpoint,POST /api/v1/workspaces/{workspace_id}/truthmesh/simulations,TruthMesh: run a what-if simulation [truthmesh.py] auth=user_jwt scope=workspace capability.truthmesh,business,ws:CONTRIBUTOR+,backend/tests/engines/test_truthmesh_live.py;backend/tests/services/test_truthmesh_engine.py;frontend/e2e/tests/25-truthmesh.spec.ts,deep,pass (Phase 2 backend + e2e),N-033
endpoint,GET /api/v1/workspaces/{workspace_id}/truthmesh/simulations,TruthMesh: list simulations [truthmesh.py] auth=user_jwt scope=workspace capability.truthmesh,business,ws:VIEWER+,backend/tests/engines/test_truthmesh_live.py;backend/tests/services/test_truthmesh_engine.py;frontend/e2e/tests/25-truthmesh.spec.ts,deep,pass (Phase 2 backend + e2e),N-033
endpoint,GET /api/v1/workspaces/{workspace_id}/truthmesh/simulations/{simulation_id},TruthMesh: one simulation [truthmesh.py] auth=user_jwt scope=workspace capability.truthmesh,business,ws:VIEWER+,backend/tests/engines/test_truthmesh_live.py;backend/tests/services/test_truthmesh_engine.py;frontend/e2e/tests/25-truthmesh.spec.ts,deep,pass (Phase 2 backend + e2e),N-033
endpoint,GET /api/v1/admin/revops/organizations,[CRITICAL:billing] organizations [admin/revops.py] auth=superadmin scope=platform (organization picker for invoiced contracts),any,superadmin,backend/tests/engines/test_revops_organization_picker_live.py;frontend/e2e/tests/26-phase3-consoles.spec.ts,deep,"pass (Phase 3, live, 2026-10-08)",F-186
migration,q1a1_retired_groq_models,Data-only: workspaces on Groq models Groq retired move to the platform default,,,backend/tests/engines/test_new_workspace_model_is_served_live.py,deep,"pass (Phase 3, live, 2026-10-08): up, down, up on an empty database",F-196
background_job,worker:jobs-slo,Worker records jobs.completion and jobs.latency.p95_ms per organization job,,,backend/tests/engines/test_job_slos_are_measured_live.py,deep,"pass (Phase 3, live, 2026-10-08)",F-189
flow,session:organization-limit,An organization's maximum session age ends its members' sessions at refresh,enterprise,org:OWNER sets,backend/tests/services/test_organization_session_limit.py;frontend/e2e/tests/26-phase3-consoles.spec.ts,deep,"pass (Phase 3, live, 2026-10-08): live 401 past a 1-hour limit",F-204
endpoint,POST /api/v1/auth/register/invitation,"register_from_invitation [auth.py] auth=public (invitation token in body) scope=none: create the invited account, accept, open a session",any,invitation token holder,backend/tests/api/test_invitation_signup.py;frontend/e2e/tests/28-invitation-acceptance.spec.ts,deep,"pass (2026-10-10): one-step sign-up; existing account 409; weak password, expired, revoked, full organization create nothing",F-222
ui_action,workspace.team.actions,"[CRITICAL:team] Workspace settings > Team members: role control and Remove, or a badge (Owner, Org admin, You, Org admins only); Leave workspace for non-admins",any,ws:ADMIN+ (controls); ws:CONTRIBUTOR (leave),frontend/e2e/tests/27-invitations-and-team.spec.ts,deep,"pass (2026-10-10, e2e 3): role change and removal through the controls",F-219
flow,email.invitation,"Invitation email: table layout, card (organization, role, workspaces), bulletproof button, security footer",any,invitee,backend/tests/templates/test_invitation_templates.py,deep,"pass (2026-10-10): 75 template tests; rendered at 760 px, 375 px and dark mode",F-223
